run_id,butter,sugar_ratio,flour,egg,chips,temp,time
1,0.5,0.5,2,1,0.5,325,8
2,0.75,1.25,2.375,2,1,375,11
3,0.875,0.875,2.1875,1.5,1.25,400,9.5
4,0.625,1.625,2.5625,2.5,0.75,350,12.5
5,0.6875,1.0625,2.46875,2.75,0.875,337.5,10.25
6,0.9375,1.8125,2.09375,1.75,1.375,387.5,13.25
7,0.8125,0.6875,2.65625,2.25,1.125,412.5,8.75
8,0.5625,1.4375,2.28125,1.25,0.625,362.5,11.75
9,0.59375,0.96875,2.703125,1.875,1.0625,356.25,10.625
10,0.84375,1.71875,2.328125,2.875,0.5625,406.25,13.625
11,0.96875,0.59375,2.515625,1.375,0.8125,381.25,9.125
12,0.71875,1.34375,2.140625,2.375,1.3125,331.25,12.125
13,0.65625,0.78125,2.234375,2.125,1.4375,368.75,8.375
14,0.90625,1.53125,2.609375,1.125,0.9375,418.75,11.375
15,0.78125,1.15625,2.046875,2.625,0.6875,393.75,9.875
16,0.53125,1.90625,2.421875,1.625,1.1875,343.75,12.875
17,0.546875,1.203125,2.3515625,2.3125,0.78125,421.875,11.1875
18,0.796875,1.953125,2.7265625,1.3125,1.28125,371.875,8.1875
19,0.921875,0.828125,2.1640625,2.8125,1.03125,346.875,12.6875
20,0.671875,1.578125,2.5390625,1.8125,0.53125,396.875,9.6875
21,0.734375,0.640625,2.6328125,1.5625,0.65625,409.375,13.4375
22,0.984375,1.390625,2.2578125,2.5625,1.15625,359.375,10.4375
23,0.859375,1.015625,2.4453125,1.0625,1.40625,334.375,11.9375
24,0.609375,1.765625,2.0703125,2.0625,0.90625,384.375,8.9375
25,0.578125,0.734375,2.3984375,2.6875,1.34375,390.625,13.8125
26,0.828125,1.484375,2.0234375,1.6875,0.84375,340.625,10.8125
27,0.953125,1.109375,2.5859375,2.1875,0.59375,365.625,12.3125
28,0.703125,1.859375,2.2109375,1.1875,1.09375,415.625,9.3125
29,0.640625,0.921875,2.1171875,1.4375,1.21875,378.125,11.5625
30,0.890625,1.671875,2.4921875,2.4375,0.71875,328.125,8.5625
31,0.765625,0.546875,2.3046875,1.9375,0.96875,353.125,13.0625
32,0.515625,1.296875,2.6796875,2.9375,1.46875,403.125,10.0625
33,0.5234375,0.8984375,2.52734375,2.09375,0.640625,417.1875,12.78125
34,0.7734375,1.6484375,2.15234375,1.09375,1.140625,367.1875,9.78125
35,0.8984375,0.5234375,2.71484375,2.59375,1.390625,342.1875,11.28125
36,0.6484375,1.2734375,2.33984375,1.59375,0.890625,392.1875,8.28125
37,0.7109375,0.7109375,2.05859375,1.84375,0.765625,404.6875,12.03125
38,0.9609375,1.4609375,2.43359375,2.84375,1.265625,354.6875,9.03125
39,0.8359375,1.0859375,2.24609375,1.34375,1.015625,329.6875,13.53125
40,0.5859375,1.8359375,2.62109375,2.34375,0.515625,379.6875,10.53125
41,0.6171875,0.6171875,2.19921875,2.96875,1.203125,398.4375,12.40625
42,0.8671875,1.3671875,2.57421875,1.96875,0.703125,348.4375,9.40625
43,0.9921875,0.9921875,2.01171875,2.46875,0.953125,373.4375,13.90625
44,0.7421875,1.7421875,2.38671875,1.46875,1.453125,423.4375,10.90625
45,0.6796875,1.1796875,2.66796875,1.21875,1.328125,385.9375,13.15625
46,0.9296875,1.9296875,2.29296875,2.21875,0.828125,335.9375,10.15625
47,0.8046875,0.8046875,2.48046875,1.71875,0.578125,360.9375,11.65625
48,0.5546875,1.5546875,2.10546875,2.71875,1.078125,410.9375,8.65625
49,0.5390625,0.8515625,2.59765625,1.28125,0.921875,332.8125,9.59375
50,0.7890625,1.6015625,2.22265625,2.28125,1.421875,382.8125,12.59375
51,0.9140625,1.2265625,2.41015625,1.78125,1.171875,407.8125,8.09375
52,0.6640625,1.9765625,2.03515625,2.78125,0.671875,357.8125,11.09375
53,0.7265625,1.0390625,2.31640625,2.53125,0.546875,345.3125,8.84375
54,0.9765625,1.7890625,2.69140625,1.53125,1.046875,395.3125,11.84375
55,0.8515625,0.6640625,2.12890625,2.03125,1.296875,420.3125,10.34375
56,0.6015625,1.4140625,2.50390625,1.03125,0.796875,370.3125,13.34375
57,0.5703125,1.1328125,2.17578125,1.65625,1.484375,351.5625,9.21875
58,0.8203125,1.8828125,2.55078125,2.65625,0.984375,401.5625,12.21875
59,0.9453125,0.7578125,2.36328125,1.15625,0.734375,376.5625,10.71875
60,0.6953125,1.5078125,2.73828125,2.15625,1.234375,326.5625,13.71875
61,0.6328125,0.5703125,2.45703125,2.40625,1.109375,364.0625,9.96875
62,0.8828125,1.3203125,2.08203125,1.40625,0.609375,414.0625,12.96875
63,0.7578125,0.9453125,2.64453125,2.90625,0.859375,389.0625,8.46875
64,0.5078125,1.6953125,2.26953125,1.90625,1.359375,339.0625,11.46875
65,0.51171875,1.09765625,2.615234375,2.671875,1.1484375,369.53125,11.984375
66,0.76171875,1.84765625,2.240234375,1.671875,0.6484375,419.53125,8.984375
67,0.88671875,0.72265625,2.427734375,2.171875,0.8984375,394.53125,13.484375
68,0.63671875,1.47265625,2.052734375,1.171875,1.3984375,344.53125,10.484375
69,0.69921875,0.53515625,2.333984375,1.421875,1.2734375,357.03125,12.734375
70,0.94921875,1.28515625,2.708984375,2.421875,0.7734375,407.03125,9.734375
71,0.82421875,0.91015625,2.146484375,1.921875,0.5234375,382.03125,11.234375
72,0.57421875,1.66015625,2.521484375,2.921875,1.0234375,332.03125,8.234375
73,0.60546875,0.81640625,2.099609375,2.296875,0.7109375,338.28125,13.109375
74,0.85546875,1.56640625,2.474609375,1.296875,1.2109375,388.28125,10.109375
75,0.98046875,1.19140625,2.287109375,2.796875,1.4609375,413.28125,11.609375
76,0.73046875,1.94140625,2.662109375,1.796875,0.9609375,363.28125,8.609375
77,0.66796875,1.00390625,2.380859375,1.546875,0.8359375,325.78125,12.359375
78,0.91796875,1.75390625,2.005859375,2.546875,1.3359375,375.78125,9.359375
79,0.79296875,0.62890625,2.568359375,1.046875,1.0859375,400.78125,13.859375
80,0.54296875,1.37890625,2.193359375,2.046875,0.5859375,350.78125,10.859375
81,0.55859375,0.67578125,2.498046875,1.984375,1.4296875,378.90625,8.796875
82,0.80859375,1.42578125,2.123046875,2.984375,0.9296875,328.90625,11.796875
83,0.93359375,1.05078125,2.685546875,1.484375,0.6796875,353.90625,10.296875
84,0.68359375,1.80078125,2.310546875,2.484375,1.1796875,403.90625,13.296875
85,0.74609375,1.23828125,2.029296875,2.234375,1.0546875,391.40625,9.546875
86,0.99609375,1.98828125,2.404296875,1.234375,0.5546875,341.40625,12.546875
87,0.87109375,0.86328125,2.216796875,2.734375,0.8046875,366.40625,8.046875
88,0.62109375,1.61328125,2.591796875,1.734375,1.3046875,416.40625,11.046875
89,0.58984375,0.95703125,2.263671875,1.109375,0.9921875,410.15625,9.921875
90,0.83984375,1.70703125,2.638671875,2.109375,1.4921875,360.15625,12.921875
91,0.96484375,0.58203125,2.076171875,1.609375,1.2421875,335.15625,8.421875
92,0.71484375,1.33203125,2.451171875,2.609375,0.7421875,385.15625,11.421875
93,0.65234375,0.76953125,2.732421875,2.859375,0.6171875,422.65625,9.171875
94,0.90234375,1.51953125,2.357421875,1.859375,1.1171875,372.65625,12.171875
95,0.77734375,1.14453125,2.544921875,2.359375,1.3671875,347.65625,10.671875
96,0.52734375,1.89453125,2.169921875,1.359375,0.8671875,397.65625,13.671875
97,0.51953125,0.69921875,2.298828125,1.703125,1.0078125,386.71875,10.390625
98,0.76953125,1.44921875,2.673828125,2.703125,0.5078125,336.71875,13.390625
99,0.89453125,1.07421875,2.111328125,1.203125,0.7578125,361.71875,8.890625
100,0.64453125,1.82421875,2.486328125,2.203125,1.2578125,411.71875,11.890625
101,0.70703125,0.88671875,2.580078125,2.453125,1.3828125,399.21875,8.140625
102,0.95703125,1.63671875,2.205078125,1.453125,0.8828125,349.21875,11.140625
103,0.83203125,0.51171875,2.392578125,2.953125,0.6328125,374.21875,9.640625
104,0.58203125,1.26171875,2.017578125,1.953125,1.1328125,424.21875,12.640625
105,0.61328125,1.16796875,2.439453125,1.328125,0.5703125,405.46875,8.515625
106,0.86328125,1.91796875,2.064453125,2.328125,1.0703125,355.46875,11.515625
107,0.98828125,0.79296875,2.626953125,1.828125,1.3203125,330.46875,10.015625
108,0.73828125,1.54296875,2.251953125,2.828125,0.8203125,380.46875,13.015625
109,0.67578125,0.60546875,2.158203125,2.578125,0.9453125,417.96875,10.765625
110,0.92578125,1.35546875,2.533203125,1.578125,1.4453125,367.96875,13.765625
111,0.80078125,0.98046875,2.345703125,2.078125,1.1953125,342.96875,9.265625
112,0.55078125,1.73046875,2.720703125,1.078125,0.6953125,392.96875,12.265625
113,0.53515625,1.02734375,2.087890625,2.890625,1.2890625,364.84375,13.578125
114,0.78515625,1.77734375,2.462890625,1.890625,0.7890625,414.84375,10.578125
115,0.91015625,0.65234375,2.275390625,2.390625,0.5390625,389.84375,12.078125
116,0.66015625,1.40234375,2.650390625,1.390625,1.0390625,339.84375,9.078125
117,0.72265625,0.83984375,2.556640625,1.140625,1.1640625,352.34375,11.328125
118,0.97265625,1.58984375,2.181640625,2.140625,0.6640625,402.34375,8.328125
119,0.84765625,1.21484375,2.744140625,1.640625,0.9140625,377.34375,12.828125
120,0.59765625,1.96484375,2.369140625,2.640625,1.4140625,327.34375,9.828125
121,0.56640625,0.55859375,2.697265625,2.015625,0.8515625,346.09375,11.703125
122,0.81640625,1.30859375,2.322265625,1.015625,1.3515625,396.09375,8.703125
123,0.94140625,0.93359375,2.509765625,2.515625,1.1015625,421.09375,13.203125
124,0.69140625,1.68359375,2.134765625,1.515625,0.6015625,371.09375,10.203125
125,0.62890625,1.12109375,2.228515625,1.765625,0.7265625,333.59375,13.953125
126,0.87890625,1.87109375,2.603515625,2.765625,1.2265625,383.59375,10.953125
127,0.75390625,0.74609375,2.041015625,1.265625,1.4765625,408.59375,12.453125
128,0.50390625,1.49609375,2.416015625,2.265625,0.9765625,358.59375,9.453125
129,0.505859375,0.998046875,2.219726562,1.3828125,1.40234375,392.578125,13.1796875
130,0.755859375,1.748046875,2.594726562,2.3828125,0.90234375,342.578125,10.1796875
131,0.880859375,0.623046875,2.032226562,1.8828125,0.65234375,367.578125,11.6796875
132,0.630859375,1.373046875,2.407226562,2.8828125,1.15234375,417.578125,8.6796875
133,0.693359375,0.810546875,2.688476562,2.6328125,1.02734375,380.078125,12.4296875
134,0.943359375,1.560546875,2.313476562,1.6328125,0.52734375,330.078125,9.4296875
135,0.818359375,1.185546875,2.500976562,2.1328125,0.77734375,355.078125,13.9296875
136,0.568359375,1.935546875,2.125976562,1.1328125,1.27734375,405.078125,10.9296875
137,0.599609375,0.529296875,2.547851562,1.5078125,0.96484375,423.828125,12.0546875
138,0.849609375,1.279296875,2.172851562,2.5078125,1.46484375,373.828125,9.0546875
139,0.974609375,0.904296875,2.735351562,1.0078125,1.21484375,348.828125,13.5546875
140,0.724609375,1.654296875,2.360351562,2.0078125,0.71484375,398.828125,10.5546875
141,0.662109375,1.091796875,2.079101562,2.2578125,0.58984375,411.328125,12.8046875
142,0.912109375,1.841796875,2.454101562,1.2578125,1.08984375,361.328125,9.8046875
143,0.787109375,0.716796875,2.266601562,2.7578125,1.33984375,336.328125,11.3046875
144,0.537109375,1.466796875,2.641601562,1.7578125,0.83984375,386.328125,8.3046875
145,0.552734375,0.763671875,2.149414062,2.1953125,1.18359375,358.203125,9.9921875
146,0.802734375,1.513671875,2.524414062,1.1953125,0.68359375,408.203125,12.9921875
147,0.927734375,1.138671875,2.336914062,2.6953125,0.93359375,383.203125,8.4921875
148,0.677734375,1.888671875,2.711914062,1.6953125,1.43359375,333.203125,11.4921875
149,0.740234375,0.951171875,2.430664062,1.9453125,1.30859375,370.703125,9.2421875
150,0.990234375,1.701171875,2.055664062,2.9453125,0.80859375,420.703125,12.2421875
151,0.865234375,0.576171875,2.618164062,1.4453125,0.55859375,395.703125,10.7421875
152,0.615234375,1.326171875,2.243164062,2.4453125,1.05859375,345.703125,13.7421875
153,0.583984375,1.232421875,2.571289062,2.8203125,0.74609375,326.953125,8.8671875
154,0.833984375,1.982421875,2.196289062,1.8203125,1.24609375,376.953125,11.8671875
155,0.958984375,0.857421875,2.383789062,2.3203125,1.49609375,401.953125,10.3671875
156,0.708984375,1.607421875,2.008789062,1.3203125,0.99609375,351.953125,13.3671875
157,0.646484375,0.669921875,2.290039062,1.0703125,0.87109375,339.453125,9.6171875
158,0.896484375,1.419921875,2.665039062,2.0703125,1.37109375,389.453125,12.6171875
159,0.771484375,1.044921875,2.102539062,1.5703125,1.12109375,414.453125,8.1171875
160,0.521484375,1.794921875,2.477539062,2.5703125,0.62109375,364.453125,11.1171875
161,0.529296875,0.599609375,2.747070312,2.4765625,1.26171875,350.390625,8.3984375
162,0.779296875,1.349609375,2.372070312,1.4765625,0.76171875,400.390625,11.3984375
163,0.904296875,0.974609375,2.559570312,2.9765625,0.51171875,375.390625,9.8984375
164,0.654296875,1.724609375,2.184570312,1.9765625,1.01171875,325.390625,12.8984375
165,0.716796875,1.162109375,2.278320312,1.7265625,1.13671875,362.890625,10.6484375
166,0.966796875,1.912109375,2.653320312,2.7265625,0.63671875,412.890625,13.6484375
167,0.841796875,0.787109375,2.090820312,1.2265625,0.88671875,387.890625,9.1484375
168,0.591796875,1.537109375,2.465820312,2.2265625,1.38671875,337.890625,12.1484375
169,0.623046875,0.880859375,2.043945312,2.6015625,0.82421875,331.640625,10.2734375
170,0.873046875,1.630859375,2.418945312,1.6015625,1.32421875,381.640625,13.2734375
171,0.998046875,0.505859375,2.231445312,2.1015625,1.07421875,406.640625,8.7734375
172,0.748046875,1.255859375,2.606445312,1.1015625,0.57421875,356.640625,11.7734375
173,0.685546875,0.693359375,2.512695312,1.3515625,0.69921875,344.140625,8.0234375
174,0.935546875,1.443359375,2.137695312,2.3515625,1.19921875,394.140625,11.0234375
175,0.810546875,1.068359375,2.700195312,1.8515625,1.44921875,419.140625,9.5234375
176,0.560546875,1.818359375,2.325195312,2.8515625,0.94921875,369.140625,12.5234375
177,0.544921875,1.115234375,2.395507812,1.1640625,1.04296875,397.265625,11.5859375
178,0.794921875,1.865234375,2.020507812,2.1640625,0.54296875,347.265625,8.5859375
179,0.919921875,0.740234375,2.583007812,1.6640625,0.79296875,372.265625,13.0859375
180,0.669921875,1.490234375,2.208007812,2.6640625,1.29296875,422.265625,10.0859375
181,0.732421875,0.552734375,2.114257812,2.9140625,1.41796875,384.765625,13.8359375
182,0.982421875,1.302734375,2.489257812,1.9140625,0.91796875,334.765625,10.8359375
183,0.857421875,0.927734375,2.301757812,2.4140625,0.66796875,359.765625,12.3359375
184,0.607421875,1.677734375,2.676757812,1.4140625,1.16796875,409.765625,9.3359375
185,0.576171875,0.833984375,2.348632812,1.7890625,0.60546875,416.015625,13.4609375
186,0.826171875,1.583984375,2.723632812,2.7890625,1.10546875,366.015625,10.4609375
187,0.951171875,1.208984375,2.161132812,1.2890625,1.35546875,341.015625,11.9609375
188,0.701171875,1.958984375,2.536132812,2.2890625,0.85546875,391.015625,8.9609375
189,0.638671875,1.021484375,2.629882812,2.0390625,0.98046875,403.515625,11.2109375
190,0.888671875,1.771484375,2.254882812,1.0390625,1.48046875,353.515625,8.2109375
191,0.763671875,0.646484375,2.442382812,2.5390625,1.23046875,328.515625,12.7109375
192,0.513671875,1.396484375,2.067382812,1.5390625,0.73046875,378.515625,9.7109375
193,0.509765625,0.798828125,2.448242188,2.8046875,0.75390625,412.109375,10.7890625
194,0.759765625,1.548828125,2.073242188,1.8046875,1.25390625,362.109375,13.7890625
195,0.884765625,1.173828125,2.635742188,2.3046875,1.00390625,337.109375,9.2890625
196,0.634765625,1.923828125,2.260742188,1.3046875,0.50390625,387.109375,12.2890625
197,0.697265625,0.986328125,2.166992188,1.0546875,0.62890625,424.609375,8.5390625
198,0.947265625,1.736328125,2.541992188,2.0546875,1.12890625,374.609375,11.5390625
199,0.822265625,0.611328125,2.354492188,1.5546875,1.37890625,349.609375,10.0390625
200,0.572265625,1.361328125,2.729492188,2.5546875,0.87890625,399.609375,13.0390625
201,0.603515625,1.080078125,2.307617188,2.1796875,1.31640625,380.859375,8.1640625
202,0.853515625,1.830078125,2.682617188,1.1796875,0.81640625,330.859375,11.1640625
203,0.978515625,0.705078125,2.120117188,2.6796875,0.56640625,355.859375,9.6640625
204,0.728515625,1.455078125,2.495117188,1.6796875,1.06640625,405.859375,12.6640625
205,0.666015625,0.517578125,2.588867188,1.9296875,1.19140625,393.359375,10.4140625
206,0.916015625,1.267578125,2.213867188,2.9296875,0.69140625,343.359375,13.4140625
207,0.791015625,0.892578125,2.401367188,1.4296875,0.94140625,368.359375,8.9140625
208,0.541015625,1.642578125,2.026367188,2.4296875,1.44140625,418.359375,11.9140625
209,0.556640625,0.939453125,2.659179688,1.6171875,0.53515625,340.234375,13.9765625
210,0.806640625,1.689453125,2.284179688,2.6171875,1.03515625,390.234375,10.9765625
211,0.931640625,0.564453125,2.471679688,1.1171875,1.28515625,415.234375,12.4765625
212,0.681640625,1.314453125,2.096679688,2.1171875,0.78515625,365.234375,9.4765625
213,0.744140625,0.751953125,2.190429688,2.3671875,0.91015625,327.734375,11.7265625
214,0.994140625,1.501953125,2.565429688,1.3671875,1.41015625,377.734375,8.7265625
215,0.869140625,1.126953125,2.002929688,2.8671875,1.16015625,402.734375,13.2265625
216,0.619140625,1.876953125,2.377929688,1.8671875,0.66015625,352.734375,10.2265625
217,0.587890625,0.658203125,2.049804688,1.4921875,1.09765625,371.484375,11.3515625
218,0.837890625,1.408203125,2.424804688,2.4921875,0.59765625,421.484375,8.3515625
219,0.962890625,1.033203125,2.237304688,1.9921875,0.84765625,396.484375,12.8515625
220,0.712890625,1.783203125,2.612304688,2.9921875,1.34765625,346.484375,9.8515625
221,0.650390625,1.220703125,2.518554688,2.7421875,1.47265625,358.984375,13.6015625
222,0.900390625,1.970703125,2.143554688,1.7421875,0.97265625,408.984375,10.6015625
223,0.775390625,0.845703125,2.706054688,2.2421875,0.72265625,383.984375,12.1015625
224,0.525390625,1.595703125,2.331054688,1.2421875,1.22265625,333.984375,9.1015625
225,0.517578125,1.197265625,2.131835938,1.8359375,0.89453125,344.921875,12.3828125
226,0.767578125,1.947265625,2.506835938,2.8359375,1.39453125,394.921875,9.3828125
227,0.892578125,0.822265625,2.319335938,1.3359375,1.14453125,419.921875,13.8828125
228,0.642578125,1.572265625,2.694335938,2.3359375,0.64453125,369.921875,10.8828125
229,0.705078125,0.634765625,2.413085938,2.0859375,0.51953125,332.421875,13.1328125
230,0.955078125,1.384765625,2.038085938,1.0859375,1.01953125,382.421875,10.1328125
231,0.830078125,1.009765625,2.600585938,2.5859375,1.26953125,407.421875,11.6328125
232,0.580078125,1.759765625,2.225585938,1.5859375,0.76953125,357.421875,8.6328125
233,0.611328125,0.728515625,2.647460938,1.2109375,1.45703125,363.671875,12.7578125
234,0.861328125,1.478515625,2.272460938,2.2109375,0.95703125,413.671875,9.7578125
235,0.986328125,1.103515625,2.459960938,1.7109375,0.70703125,388.671875,11.2578125
236,0.736328125,1.853515625,2.084960938,2.7109375,1.20703125,338.671875,8.2578125
237,0.673828125,0.916015625,2.366210938,2.9609375,1.08203125,351.171875,12.0078125
238,0.923828125,1.666015625,2.741210938,1.9609375,0.58203125,401.171875,9.0078125
239,0.798828125,0.541015625,2.178710938,2.4609375,0.83203125,376.171875,13.5078125
240,0.548828125,1.291015625,2.553710938,1.4609375,1.33203125,326.171875,10.5078125
241,0.533203125,0.587890625,2.249023438,2.5234375,0.67578125,404.296875,9.1953125
242,0.783203125,1.337890625,2.624023438,1.5234375,1.17578125,354.296875,12.1953125
243,0.908203125,0.962890625,2.061523438,2.0234375,1.42578125,329.296875,10.6953125
244,0.658203125,1.712890625,2.436523438,1.0234375,0.92578125,379.296875,13.6953125
245,0.720703125,1.150390625,2.717773438,1.2734375,0.80078125,416.796875,9.9453125
246,0.970703125,1.900390625,2.342773438,2.2734375,1.30078125,366.796875,12.9453125
247,0.845703125,0.775390625,2.530273438,1.7734375,1.05078125,341.796875,8.4453125
248,0.595703125,1.525390625,2.155273438,2.7734375,0.55078125,391.796875,11.4453125
249,0.564453125,1.056640625,2.483398438,2.3984375,1.23828125,385.546875,9.5703125
250,0.814453125,1.806640625,2.108398438,1.3984375,0.73828125,335.546875,12.5703125
251,0.939453125,0.681640625,2.670898438,2.8984375,0.98828125,360.546875,8.0703125
252,0.689453125,1.431640625,2.295898438,1.8984375,1.48828125,410.546875,11.0703125
253,0.626953125,0.869140625,2.014648438,1.6484375,1.36328125,398.046875,8.8203125
254,0.876953125,1.619140625,2.389648438,2.6484375,0.86328125,348.046875,11.8203125
255,0.751953125,1.244140625,2.202148438,1.1484375,0.61328125,373.046875,10.3203125
256,0.501953125,1.994140625,2.577148438,2.1484375,1.11328125,423.046875,13.3203125
257,0.5,0.5,2,1,0.5,325,8
258,0.75,1.25,2.375,2,1,375,11
259,0.875,1.625,2.5625,2.5,1.25,350,9.5
260,0.625,0.875,2.1875,1.5,0.75,400,12.5
261,0.9375,1.8125,2.46875,2.75,0.875,362.5,11.75
262,0.6875,1.0625,2.09375,1.75,1.375,412.5,8.75
263,0.5625,0.6875,2.28125,1.25,1.125,337.5,13.25
264,0.8125,1.4375,2.65625,2.25,0.625,387.5,10.25
265,0.96875,1.90625,2.234375,2.375,0.5625,418.75,13.625
266,0.71875,1.15625,2.609375,1.375,1.0625,368.75,10.625
267,0.59375,0.78125,2.421875,1.875,1.3125,393.75,12.125
268,0.84375,1.53125,2.046875,2.875,0.8125,343.75,9.125
269,0.53125,0.59375,2.703125,1.625,0.9375,381.25,9.875
270,0.78125,1.34375,2.328125,2.625,1.4375,331.25,12.875
271,0.90625,1.71875,2.140625,2.125,1.1875,406.25,8.375
272,0.65625,0.96875,2.515625,1.125,0.6875,356.25,11.375
273,0.921875,1.203125,2.1171875,1.1875,0.90625,390.625,11.9375
274,0.671875,1.953125,2.4921875,2.1875,1.40625,340.625,8.9375
275,0.546875,1.578125,2.6796875,2.6875,1.15625,415.625,13.4375
276,0.796875,0.828125,2.3046875,1.6875,0.65625,365.625,10.4375
277,0.609375,1.390625,2.3984375,2.9375,0.53125,403.125,8.1875
278,0.859375,0.640625,2.0234375,1.9375,1.03125,353.125,11.1875
279,0.984375,1.015625,2.2109375,1.4375,1.28125,378.125,9.6875
280,0.734375,1.765625,2.5859375,2.4375,0.78125,328.125,12.6875
281,0.578125,1.296875,2.3515625,2.3125,0.96875,359.375,10.0625
282,0.828125,0.546875,2.7265625,1.3125,1.46875,409.375,13.0625
283,0.953125,0.921875,2.5390625,1.8125,1.21875,334.375,8.5625
284,0.703125,1.671875,2.1640625,2.8125,0.71875,384.375,11.5625
285,0.890625,1.109375,2.6328125,1.5625,0.59375,346.875,13.8125
286,0.640625,1.859375,2.2578125,2.5625,1.09375,396.875,10.8125
287,0.515625,1.484375,2.0703125,2.0625,1.34375,371.875,12.3125
288,0.765625,0.734375,2.4453125,1.0625,0.84375,421.875,9.3125
289,0.8359375,1.9765625,2.03515625,1.78125,1.453125,370.3125,13.90625
290,0.5859375,1.2265625,2.41015625,2.78125,0.953125,420.3125,10.90625
291,0.7109375,0.8515625,2.59765625,2.28125,0.703125,345.3125,12.40625
292,0.9609375,1.6015625,2.22265625,1.28125,1.203125,395.3125,9.40625
293,0.6484375,0.6640625,2.50390625,2.03125,1.078125,332.8125,10.15625
294,0.8984375,1.4140625,2.12890625,1.03125,0.578125,382.8125,13.15625
295,0.7734375,1.7890625,2.31640625,1.53125,0.828125,357.8125,8.65625
296,0.5234375,1.0390625,2.69140625,2.53125,1.328125,407.8125,11.65625
297,0.6796875,0.5703125,2.26953125,2.65625,1.390625,376.5625,8.28125
298,0.9296875,1.3203125,2.64453125,1.65625,0.890625,326.5625,11.28125
299,0.8046875,1.6953125,2.45703125,1.15625,0.640625,401.5625,9.78125
300,0.5546875,0.9453125,2.08203125,2.15625,1.140625,351.5625,12.78125
301,0.8671875,1.8828125,2.73828125,1.40625,1.015625,414.0625,12.03125
302,0.6171875,1.1328125,2.36328125,2.40625,0.515625,364.0625,9.03125
303,0.7421875,0.7578125,2.17578125,2.90625,0.765625,389.0625,13.53125
304,0.9921875,1.5078125,2.55078125,1.90625,1.265625,339.0625,10.53125
305,0.7265625,1.2734375,2.10546875,1.96875,1.109375,410.9375,9.96875
306,0.9765625,0.5234375,2.48046875,2.96875,0.609375,360.9375,12.96875
307,0.8515625,0.8984375,2.66796875,2.46875,0.859375,385.9375,8.46875
308,0.6015625,1.6484375,2.29296875,1.46875,1.359375,335.9375,11.46875
309,0.7890625,1.0859375,2.38671875,2.21875,1.484375,398.4375,13.71875
310,0.5390625,1.8359375,2.01171875,1.21875,0.984375,348.4375,10.71875
311,0.6640625,1.4609375,2.19921875,1.71875,0.734375,423.4375,12.21875
312,0.9140625,0.7109375,2.57421875,2.71875,1.234375,373.4375,9.21875
313,0.7578125,1.1796875,2.33984375,2.59375,1.046875,342.1875,11.84375
314,0.5078125,1.9296875,2.71484375,1.59375,0.546875,392.1875,8.84375
315,0.6328125,1.5546875,2.52734375,1.09375,0.796875,367.1875,13.34375
316,0.8828125,0.8046875,2.15234375,2.09375,1.296875,417.1875,10.34375
317,0.6953125,1.3671875,2.62109375,1.34375,1.421875,354.6875,8.09375
318,0.9453125,0.6171875,2.24609375,2.34375,0.921875,404.6875,11.09375
319,0.8203125,0.9921875,2.05859375,2.84375,0.671875,329.6875,9.59375
320,0.5703125,1.7421875,2.43359375,1.84375,1.171875,379.6875,12.59375
321,0.60546875,1.61328125,2.087890625,2.890625,0.7265625,367.96875,11.140625
322,0.85546875,0.86328125,2.462890625,1.890625,1.2265625,417.96875,8.140625
323,0.98046875,1.23828125,2.650390625,1.390625,1.4765625,342.96875,12.640625
324,0.73046875,1.98828125,2.275390625,2.390625,0.9765625,392.96875,9.640625
325,0.91796875,1.05078125,2.556640625,1.140625,0.8515625,330.46875,8.890625
326,0.66796875,1.80078125,2.181640625,2.140625,1.3515625,380.46875,11.890625
327,0.54296875,1.42578125,2.369140625,2.640625,1.1015625,355.46875,10.390625
328,0.79296875,0.67578125,2.744140625,1.640625,0.6015625,405.46875,13.390625
329,0.88671875,0.95703125,2.228515625,1.515625,0.6640625,386.71875,10.765625
330,0.63671875,1.70703125,2.603515625,2.515625,1.1640625,336.71875,13.765625
331,0.51171875,1.33203125,2.416015625,2.015625,1.4140625,411.71875,9.265625
332,0.76171875,0.58203125,2.041015625,1.015625,0.9140625,361.71875,12.265625
333,0.57421875,1.51953125,2.697265625,2.265625,0.7890625,424.21875,13.015625
334,0.82421875,0.76953125,2.322265625,1.265625,1.2890625,374.21875,10.015625
335,0.94921875,1.14453125,2.134765625,1.765625,1.0390625,399.21875,11.515625
336,0.69921875,1.89453125,2.509765625,2.765625,0.5390625,349.21875,8.515625
337,0.96484375,1.66015625,2.158203125,2.828125,0.8203125,402.34375,9.078125
338,0.71484375,0.91015625,2.533203125,1.828125,1.3203125,352.34375,12.078125
339,0.58984375,0.53515625,2.720703125,1.328125,1.0703125,377.34375,10.578125
340,0.83984375,1.28515625,2.345703125,2.328125,0.5703125,327.34375,13.578125
341,0.52734375,0.72265625,2.439453125,1.078125,0.6953125,389.84375,11.328125
342,0.77734375,1.47265625,2.064453125,2.078125,1.1953125,339.84375,8.328125
343,0.90234375,1.84765625,2.251953125,2.578125,1.4453125,414.84375,12.828125
344,0.65234375,1.09765625,2.626953125,1.578125,0.9453125,364.84375,9.828125
345,0.55859375,0.81640625,2.298828125,1.703125,0.7578125,346.09375,13.203125
346,0.80859375,1.56640625,2.673828125,2.703125,1.2578125,396.09375,10.203125
347,0.93359375,1.94140625,2.486328125,2.203125,1.0078125,371.09375,11.703125
348,0.68359375,1.19140625,2.111328125,1.203125,0.5078125,421.09375,8.703125
349,0.99609375,1.75390625,2.580078125,2.453125,0.6328125,358.59375,10.953125
350,0.74609375,1.00390625,2.205078125,1.453125,1.1328125,408.59375,13.953125
351,0.62109375,0.62890625,2.017578125,1.953125,1.3828125,333.59375,9.453125
352,0.87109375,1.37890625,2.392578125,2.953125,0.8828125,383.59375,12.453125
353,0.80078125,0.88671875,2.052734375,2.171875,1.3046875,335.15625,10.859375
354,0.55078125,1.63671875,2.427734375,1.171875,0.8046875,385.15625,13.859375
355,0.67578125,1.26171875,2.615234375,1.671875,0.5546875,360.15625,9.359375
356,0.92578125,0.51171875,2.240234375,2.671875,1.0546875,410.15625,12.359375
357,0.73828125,1.44921875,2.521484375,1.921875,1.1796875,372.65625,13.109375
358,0.98828125,0.69921875,2.146484375,2.921875,0.6796875,422.65625,10.109375
359,0.86328125,1.07421875,2.333984375,2.421875,0.9296875,347.65625,11.609375
360,0.61328125,1.82421875,2.708984375,1.421875,1.4296875,397.65625,8.609375
361,0.70703125,1.54296875,2.193359375,1.296875,1.3671875,416.40625,11.234375
362,0.95703125,0.79296875,2.568359375,2.296875,0.8671875,366.40625,8.234375
363,0.83203125,1.16796875,2.380859375,2.796875,0.6171875,391.40625,12.734375
364,0.58203125,1.91796875,2.005859375,1.796875,1.1171875,341.40625,9.734375
365,0.76953125,0.98046875,2.662109375,2.546875,1.2421875,378.90625,8.984375
366,0.51953125,1.73046875,2.287109375,1.546875,0.7421875,328.90625,11.984375
367,0.64453125,1.35546875,2.099609375,1.046875,0.9921875,403.90625,10.484375
368,0.89453125,0.60546875,2.474609375,2.046875,1.4921875,353.90625,13.484375
369,0.62890625,0.83984375,2.169921875,2.109375,1.1484375,394.53125,12.921875
370,0.87890625,1.58984375,2.544921875,1.109375,0.6484375,344.53125,9.921875
371,0.75390625,1.96484375,2.732421875,1.609375,0.8984375,419.53125,11.421875
372,0.50390625,1.21484375,2.357421875,2.609375,1.3984375,369.53125,8.421875
373,0.81640625,1.77734375,2.451171875,1.859375,1.2734375,407.03125,10.671875
374,0.56640625,1.02734375,2.076171875,2.859375,0.7734375,357.03125,13.671875
375,0.69140625,0.65234375,2.263671875,2.359375,0.5234375,382.03125,9.171875
376,0.94140625,1.40234375,2.638671875,1.359375,1.0234375,332.03125,12.171875
377,0.84765625,1.68359375,2.310546875,1.484375,1.2109375,350.78125,8.796875
378,0.59765625,0.93359375,2.685546875,2.484375,0.7109375,400.78125,11.796875
379,0.72265625,0.55859375,2.498046875,2.984375,0.9609375,325.78125,10.296875
380,0.97265625,1.30859375,2.123046875,1.984375,1.4609375,375.78125,13.296875
381,0.66015625,0.74609375,2.591796875,2.734375,1.3359375,338.28125,11.046875
382,0.91015625,1.49609375,2.216796875,1.734375,0.8359375,388.28125,8.046875
383,0.78515625,1.87109375,2.029296875,1.234375,0.5859375,363.28125,12.546875
384,0.53515625,1.12109375,2.404296875,2.234375,1.0859375,413.28125,9.546875
385,0.623046875,0.658203125,2.612304688,2.4765625,1.23828125,406.640625,13.2734375
386,0.873046875,1.408203125,2.237304688,1.4765625,0.73828125,356.640625,10.2734375
387,0.998046875,1.783203125,2.049804688,1.9765625,0.98828125,381.640625,11.7734375
388,0.748046875,1.033203125,2.424804688,2.9765625,1.48828125,331.640625,8.7734375
389,0.935546875,1.970703125,2.331054688,1.7265625,1.36328125,394.140625,9.5234375
390,0.685546875,1.220703125,2.706054688,2.7265625,0.86328125,344.140625,12.5234375
391,0.560546875,0.845703125,2.518554688,2.2265625,0.61328125,419.140625,8.0234375
392,0.810546875,1.595703125,2.143554688,1.2265625,1.11328125,369.140625,11.0234375
393,0.904296875,1.876953125,2.377929688,1.1015625,1.17578125,337.890625,8.3984375
394,0.654296875,1.126953125,2.002929688,2.1015625,0.67578125,387.890625,11.3984375
395,0.529296875,0.751953125,2.190429688,2.6015625,0.92578125,362.890625,9.8984375
396,0.779296875,1.501953125,2.565429688,1.6015625,1.42578125,412.890625,12.8984375
397,0.591796875,0.564453125,2.096679688,2.8515625,1.30078125,350.390625,12.1484375
398,0.841796875,1.314453125,2.471679688,1.8515625,0.80078125,400.390625,9.1484375
399,0.966796875,1.689453125,2.659179688,1.3515625,0.55078125,325.390625,13.6484375
400,0.716796875,0.939453125,2.284179688,2.3515625,1.05078125,375.390625,10.6484375
401,0.951171875,1.080078125,2.729492188,2.2890625,1.33203125,372.265625,9.7109375
402,0.701171875,1.830078125,2.354492188,1.2890625,0.83203125,422.265625,12.7109375
403,0.576171875,1.455078125,2.166992188,1.7890625,0.58203125,347.265625,8.2109375
404,0.826171875,0.705078125,2.541992188,2.7890625,1.08203125,397.265625,11.2109375
405,0.513671875,1.267578125,2.260742188,1.5390625,1.20703125,334.765625,13.4609375
406,0.763671875,0.517578125,2.635742188,2.5390625,0.70703125,384.765625,10.4609375
407,0.888671875,0.892578125,2.448242188,2.0390625,0.95703125,359.765625,11.9609375
408,0.638671875,1.642578125,2.073242188,1.0390625,1.45703125,409.765625,8.9609375
409,0.544921875,1.361328125,2.495117188,1.1640625,1.26953125,378.515625,12.3359375
410,0.794921875,0.611328125,2.120117188,2.1640625,0.76953125,328.515625,9.3359375
411,0.919921875,0.986328125,2.307617188,2.6640625,0.51953125,403.515625,13.8359375
412,0.669921875,1.736328125,2.682617188,1.6640625,1.01953125,353.515625,10.8359375
413,0.982421875,1.173828125,2.026367188,2.9140625,1.14453125,416.015625,8.5859375
414,0.732421875,1.923828125,2.401367188,1.9140625,0.64453125,366.015625,11.5859375
415,0.607421875,1.548828125,2.588867188,1.4140625,0.89453125,391.015625,10.0859375
416,0.857421875,0.798828125,2.213867188,2.4140625,1.39453125,341.015625,13.0859375
417,0.787109375,1.853515625,2.647460938,2.6953125,0.78515625,389.453125,8.6796875
418,0.537109375,1.103515625,2.272460938,1.6953125,1.28515625,339.453125,11.6796875
419,0.662109375,0.728515625,2.084960938,1.1953125,1.03515625,414.453125,10.1796875
420,0.912109375,1.478515625,2.459960938,2.1953125,0.53515625,364.453125,13.1796875
421,0.724609375,0.541015625,2.366210938,1.4453125,0.66015625,401.953125,12.4296875
422,0.974609375,1.291015625,2.741210938,2.4453125,1.16015625,351.953125,9.4296875
423,0.849609375,1.666015625,2.553710938,2.9453125,1.41015625,376.953125,13.9296875
424,0.599609375,0.916015625,2.178710938,1.9453125,0.91015625,326.953125,10.9296875
425,0.693359375,0.634765625,2.413085938,1.8203125,0.84765625,358.203125,13.5546875
426,0.943359375,1.384765625,2.038085938,2.8203125,1.34765625,408.203125,10.5546875
427,0.818359375,1.759765625,2.225585938,2.3203125,1.09765625,333.203125,12.0546875
428,0.568359375,1.009765625,2.600585938,1.3203125,0.59765625,383.203125,9.0546875
429,0.755859375,1.947265625,2.131835938,2.0703125,0.72265625,345.703125,9.8046875
430,0.505859375,1.197265625,2.506835938,1.0703125,1.22265625,395.703125,12.8046875
431,0.630859375,0.822265625,2.694335938,1.5703125,1.47265625,370.703125,8.3046875
432,0.880859375,1.572265625,2.319335938,2.5703125,0.97265625,420.703125,11.3046875
433,0.646484375,1.431640625,2.717773438,2.5078125,0.62890625,330.078125,12.2421875
434,0.896484375,0.681640625,2.342773438,1.5078125,1.12890625,380.078125,9.2421875
435,0.771484375,1.056640625,2.155273438,1.0078125,1.37890625,355.078125,13.7421875
436,0.521484375,1.806640625,2.530273438,2.0078125,0.87890625,405.078125,10.7421875
437,0.833984375,1.244140625,2.249023438,1.2578125,0.75390625,367.578125,8.4921875
438,0.583984375,1.994140625,2.624023438,2.2578125,1.25390625,417.578125,11.4921875
439,0.708984375,1.619140625,2.436523438,2.7578125,1.00390625,342.578125,9.9921875
440,0.958984375,0.869140625,2.061523438,1.7578125,0.50390625,392.578125,12.9921875
441,0.865234375,1.150390625,2.483398438,1.8828125,0.69140625,423.828125,9.6171875
442,0.615234375,1.900390625,2.108398438,2.8828125,1.19140625,373.828125,12.6171875
443,0.740234375,1.525390625,2.295898438,2.3828125,1.44140625,398.828125,8.1171875
444,0.990234375,0.775390625,2.670898438,1.3828125,0.94140625,348.828125,11.1171875
445,0.677734375,1.337890625,2.014648438,2.1328125,0.81640625,386.328125,13.3671875
446,0.927734375,0.587890625,2.389648438,1.1328125,1.31640625,336.328125,10.3671875
447,0.802734375,0.962890625,2.577148438,1.6328125,1.06640625,411.328125,11.8671875
448,0.552734375,1.712890625,2.202148438,2.6328125,0.56640625,361.328125,8.8671875
449,0.517578125,1.466796875,2.606445312,1.6171875,1.02734375,399.609375,10.4140625
450,0.767578125,0.716796875,2.231445312,2.6171875,0.52734375,349.609375,13.4140625
451,0.892578125,1.091796875,2.043945312,2.1171875,0.77734375,424.609375,8.9140625
452,0.642578125,1.841796875,2.418945312,1.1171875,1.27734375,374.609375,11.9140625
453,0.955078125,0.904296875,2.325195312,2.3671875,1.40234375,412.109375,12.6640625
454,0.705078125,1.654296875,2.700195312,1.3671875,0.90234375,362.109375,9.6640625
455,0.580078125,1.279296875,2.512695312,1.8671875,0.65234375,387.109375,11.1640625
456,0.830078125,0.529296875,2.137695312,2.8671875,1.15234375,337.109375,8.1640625
457,0.986328125,0.998046875,2.465820312,2.9921875,1.08984375,355.859375,11.5390625
458,0.736328125,1.748046875,2.090820312,1.9921875,0.58984375,405.859375,8.5390625
459,0.611328125,1.373046875,2.278320312,1.4921875,0.83984375,330.859375,13.0390625
460,0.861328125,0.623046875,2.653320312,2.4921875,1.33984375,380.859375,10.0390625
461,0.548828125,1.560546875,2.184570312,1.2421875,1.46484375,343.359375,9.2890625
462,0.798828125,0.810546875,2.559570312,2.2421875,0.96484375,393.359375,12.2890625
463,0.923828125,1.185546875,2.747070312,2.7421875,0.71484375,368.359375,10.7890625
464,0.673828125,1.935546875,2.372070312,1.7421875,1.21484375,418.359375,13.7890625
465,0.908203125,1.794921875,2.676757812,1.6796875,1.43359375,333.984375,12.8515625
466,0.658203125,1.044921875,2.301757812,2.6796875,0.93359375,383.984375,9.8515625
467,0.533203125,0.669921875,2.114257812,2.1796875,0.68359375,358.984375,11.3515625
468,0.783203125,1.419921875,2.489257812,1.1796875,1.18359375,408.984375,8.3515625
469,0.595703125,0.857421875,2.208007812,2.4296875,1.05859375,371.484375,10.6015625
470,0.845703125,1.607421875,2.583007812,1.4296875,0.55859375,421.484375,13.6015625
471,0.970703125,1.982421875,2.395507812,1.9296875,0.80859375,346.484375,9.1015625
472,0.720703125,1.232421875,2.020507812,2.9296875,1.30859375,396.484375,12.1015625
473,0.564453125,0.763671875,2.536132812,2.8046875,1.49609375,415.234375,9.4765625
474,0.814453125,1.513671875,2.161132812,1.8046875,0.99609375,365.234375,12.4765625
475,0.939453125,1.888671875,2.348632812,1.3046875,0.74609375,390.234375,10.9765625
476,0.689453125,1.138671875,2.723632812,2.3046875,1.24609375,340.234375,13.9765625
477,0.876953125,1.701171875,2.067382812,1.0546875,1.12109375,377.734375,11.7265625
478,0.626953125,0.951171875,2.442382812,2.0546875,0.62109375,327.734375,8.7265625
479,0.501953125,0.576171875,2.629882812,2.5546875,0.87109375,402.734375,13.2265625
480,0.751953125,1.326171875,2.254882812,1.5546875,1.37109375,352.734375,10.2265625
481,0.822265625,1.021484375,2.571289062,1.3359375,0.94921875,404.296875,11.6328125
482,0.572265625,1.771484375,2.196289062,2.3359375,1.44921875,354.296875,8.6328125
483,0.697265625,1.396484375,2.008789062,2.8359375,1.19921875,379.296875,13.1328125
484,0.947265625,0.646484375,2.383789062,1.8359375,0.69921875,329.296875,10.1328125
485,0.634765625,1.583984375,2.290039062,2.5859375,0.57421875,391.796875,9.3828125
486,0.884765625,0.833984375,2.665039062,1.5859375,1.07421875,341.796875,12.3828125
487,0.759765625,1.208984375,2.477539062,1.0859375,1.32421875,416.796875,10.8828125
488,0.509765625,1.958984375,2.102539062,2.0859375,0.82421875,366.796875,13.8828125
489,0.666015625,1.490234375,2.430664062,2.2109375,0.88671875,348.046875,10.5078125
490,0.916015625,0.740234375,2.055664062,1.2109375,1.38671875,398.046875,13.5078125
491,0.791015625,1.115234375,2.243164062,1.7109375,1.13671875,373.046875,9.0078125
492,0.541015625,1.865234375,2.618164062,2.7109375,0.63671875,423.046875,12.0078125
493,0.853515625,0.927734375,2.149414062,1.9609375,0.51171875,360.546875,12.7578125
494,0.603515625,1.677734375,2.524414062,2.9609375,1.01171875,410.546875,9.7578125
495,0.728515625,1.302734375,2.711914062,2.4609375,1.26171875,335.546875,11.2578125
496,0.978515625,0.552734375,2.336914062,1.4609375,0.76171875,385.546875,8.2578125
497,0.744140625,0.693359375,2.688476562,1.3984375,0.60546875,363.671875,9.1953125
498,0.994140625,1.443359375,2.313476562,2.3984375,1.10546875,413.671875,12.1953125
499,0.869140625,1.818359375,2.125976562,2.8984375,1.35546875,338.671875,10.6953125
500,0.619140625,1.068359375,2.500976562,1.8984375,0.85546875,388.671875,13.6953125
501,0.806640625,1.630859375,2.219726562,2.6484375,0.98046875,326.171875,11.4453125
502,0.556640625,0.880859375,2.594726562,1.6484375,1.48046875,376.171875,8.4453125
503,0.681640625,0.505859375,2.407226562,1.1484375,1.23046875,351.171875,12.9453125
504,0.931640625,1.255859375,2.032226562,2.1484375,0.73046875,401.171875,9.9453125
505,0.775390625,1.724609375,2.547851562,2.0234375,0.54296875,382.421875,12.5703125
506,0.525390625,0.974609375,2.172851562,1.0234375,1.04296875,332.421875,9.5703125
507,0.650390625,0.599609375,2.360351562,1.5234375,1.29296875,407.421875,11.0703125
508,0.900390625,1.349609375,2.735351562,2.5234375,0.79296875,357.421875,8.0703125
509,0.712890625,0.787109375,2.079101562,1.7734375,0.91796875,419.921875,10.3203125
510,0.962890625,1.537109375,2.454101562,2.7734375,1.41796875,369.921875,13.3203125
511,0.837890625,1.912109375,2.641601562,2.2734375,1.16796875,394.921875,8.8203125
512,0.587890625,1.162109375,2.266601562,1.2734375,0.66796875,344.921875,11.8203125
513,0.5,0.5,2,1,0.5,325,8
514,0.75,1.25,2.375,2,1,375,11
515,0.875,0.875,2.1875,1.5,1.25,400,9.5
516,0.625,1.625,2.5625,2.5,0.75,350,12.5
517,0.9375,1.0625,2.46875,2.75,0.875,337.5,10.25
518,0.6875,1.8125,2.09375,1.75,1.375,387.5,13.25
519,0.5625,0.6875,2.65625,2.25,1.125,412.5,8.75
520,0.8125,1.4375,2.28125,1.25,0.625,362.5,11.75
521,0.96875,0.96875,2.703125,1.875,1.0625,356.25,10.625
522,0.71875,1.71875,2.328125,2.875,0.5625,406.25,13.625
523,0.59375,0.59375,2.515625,1.375,0.8125,381.25,9.125
524,0.84375,1.34375,2.140625,2.375,1.3125,331.25,12.125
525,0.53125,0.78125,2.234375,2.125,1.4375,368.75,8.375
526,0.78125,1.53125,2.609375,1.125,0.9375,418.75,11.375
527,0.90625,1.15625,2.046875,2.625,0.6875,393.75,9.875
528,0.65625,1.90625,2.421875,1.625,1.1875,343.75,12.875
529,0.921875,1.203125,2.3515625,2.3125,0.78125,421.875,11.1875
530,0.671875,1.953125,2.7265625,1.3125,1.28125,371.875,8.1875
531,0.546875,0.828125,2.1640625,2.8125,1.03125,346.875,12.6875
532,0.796875,1.578125,2.5390625,1.8125,0.53125,396.875,9.6875
533,0.609375,0.640625,2.6328125,1.5625,0.65625,409.375,13.4375
534,0.859375,1.390625,2.2578125,2.5625,1.15625,359.375,10.4375
535,0.984375,1.015625,2.4453125,1.0625,1.40625,334.375,11.9375
536,0.734375,1.765625,2.0703125,2.0625,0.90625,384.375,8.9375
537,0.578125,0.734375,2.3984375,2.6875,1.34375,390.625,13.8125
538,0.828125,1.484375,2.0234375,1.6875,0.84375,340.625,10.8125
539,0.953125,1.109375,2.5859375,2.1875,0.59375,365.625,12.3125
540,0.703125,1.859375,2.2109375,1.1875,1.09375,415.625,9.3125
541,0.890625,0.921875,2.1171875,1.4375,1.21875,378.125,11.5625
542,0.640625,1.671875,2.4921875,2.4375,0.71875,328.125,8.5625
543,0.515625,0.546875,2.3046875,1.9375,0.96875,353.125,13.0625
544,0.765625,1.296875,2.6796875,2.9375,1.46875,403.125,10.0625
545,0.8359375,0.8984375,2.52734375,2.09375,0.640625,417.1875,12.78125
546,0.5859375,1.6484375,2.15234375,1.09375,1.140625,367.1875,9.78125
547,0.7109375,0.5234375,2.71484375,2.59375,1.390625,342.1875,11.28125
548,0.9609375,1.2734375,2.33984375,1.59375,0.890625,392.1875,8.28125
549,0.6484375,0.7109375,2.05859375,1.84375,0.765625,404.6875,12.03125
550,0.8984375,1.4609375,2.43359375,2.84375,1.265625,354.6875,9.03125
551,0.7734375,1.0859375,2.24609375,1.34375,1.015625,329.6875,13.53125
552,0.5234375,1.8359375,2.62109375,2.34375,0.515625,379.6875,10.53125
553,0.6796875,0.6171875,2.19921875,2.96875,1.203125,398.4375,12.40625
554,0.9296875,1.3671875,2.57421875,1.96875,0.703125,348.4375,9.40625
555,0.8046875,0.9921875,2.01171875,2.46875,0.953125,373.4375,13.90625
556,0.5546875,1.7421875,2.38671875,1.46875,1.453125,423.4375,10.90625
557,0.8671875,1.1796875,2.66796875,1.21875,1.328125,385.9375,13.15625
558,0.6171875,1.9296875,2.29296875,2.21875,0.828125,335.9375,10.15625
559,0.7421875,0.8046875,2.48046875,1.71875,0.578125,360.9375,11.65625
560,0.9921875,1.5546875,2.10546875,2.71875,1.078125,410.9375,8.65625
561,0.7265625,0.8515625,2.59765625,1.28125,0.921875,332.8125,9.59375
562,0.9765625,1.6015625,2.22265625,2.28125,1.421875,382.8125,12.59375
563,0.8515625,1.2265625,2.41015625,1.78125,1.171875,407.8125,8.09375
564,0.6015625,1.9765625,2.03515625,2.78125,0.671875,357.8125,11.09375
565,0.7890625,1.0390625,2.31640625,2.53125,0.546875,345.3125,8.84375
566,0.5390625,1.7890625,2.69140625,1.53125,1.046875,395.3125,11.84375
567,0.6640625,0.6640625,2.12890625,2.03125,1.296875,420.3125,10.34375
568,0.9140625,1.4140625,2.50390625,1.03125,0.796875,370.3125,13.34375
569,0.7578125,1.1328125,2.17578125,1.65625,1.484375,351.5625,9.21875
570,0.5078125,1.8828125,2.55078125,2.65625,0.984375,401.5625,12.21875
571,0.6328125,0.7578125,2.36328125,1.15625,0.734375,376.5625,10.71875
572,0.8828125,1.5078125,2.73828125,2.15625,1.234375,326.5625,13.71875
573,0.6953125,0.5703125,2.45703125,2.40625,1.109375,364.0625,9.96875
574,0.9453125,1.3203125,2.08203125,1.40625,0.609375,414.0625,12.96875
575,0.8203125,0.9453125,2.64453125,2.90625,0.859375,389.0625,8.46875
576,0.5703125,1.6953125,2.26953125,1.90625,1.359375,339.0625,11.46875
577,0.60546875,1.09765625,2.615234375,2.671875,1.1484375,369.53125,11.984375
578,0.85546875,1.84765625,2.240234375,1.671875,0.6484375,419.53125,8.984375
579,0.98046875,0.72265625,2.427734375,2.171875,0.8984375,394.53125,13.484375
580,0.73046875,1.47265625,2.052734375,1.171875,1.3984375,344.53125,10.484375
581,0.91796875,0.53515625,2.333984375,1.421875,1.2734375,357.03125,12.734375
582,0.66796875,1.28515625,2.708984375,2.421875,0.7734375,407.03125,9.734375
583,0.54296875,0.91015625,2.146484375,1.921875,0.5234375,382.03125,11.234375
584,0.79296875,1.66015625,2.521484375,2.921875,1.0234375,332.03125,8.234375
585,0.88671875,0.81640625,2.099609375,2.296875,0.7109375,338.28125,13.109375
586,0.63671875,1.56640625,2.474609375,1.296875,1.2109375,388.28125,10.109375
587,0.51171875,1.19140625,2.287109375,2.796875,1.4609375,413.28125,11.609375
588,0.76171875,1.94140625,2.662109375,1.796875,0.9609375,363.28125,8.609375
589,0.57421875,1.00390625,2.380859375,1.546875,0.8359375,325.78125,12.359375
590,0.82421875,1.75390625,2.005859375,2.546875,1.3359375,375.78125,9.359375
591,0.94921875,0.62890625,2.568359375,1.046875,1.0859375,400.78125,13.859375
592,0.69921875,1.37890625,2.193359375,2.046875,0.5859375,350.78125,10.859375
593,0.96484375,0.67578125,2.498046875,1.984375,1.4296875,378.90625,8.796875
594,0.71484375,1.42578125,2.123046875,2.984375,0.9296875,328.90625,11.796875
595,0.58984375,1.05078125,2.685546875,1.484375,0.6796875,353.90625,10.296875
596,0.83984375,1.80078125,2.310546875,2.484375,1.1796875,403.90625,13.296875
597,0.52734375,1.23828125,2.029296875,2.234375,1.0546875,391.40625,9.546875
598,0.77734375,1.98828125,2.404296875,1.234375,0.5546875,341.40625,12.546875
599,0.90234375,0.86328125,2.216796875,2.734375,0.8046875,366.40625,8.046875
600,0.65234375,1.61328125,2.591796875,1.734375,1.3046875,416.40625,11.046875
601,0.55859375,0.95703125,2.263671875,1.109375,0.9921875,410.15625,9.921875
602,0.80859375,1.70703125,2.638671875,2.109375,1.4921875,360.15625,12.921875
603,0.93359375,0.58203125,2.076171875,1.609375,1.2421875,335.15625,8.421875
604,0.68359375,1.33203125,2.451171875,2.609375,0.7421875,385.15625,11.421875
605,0.99609375,0.76953125,2.732421875,2.859375,0.6171875,422.65625,9.171875
606,0.74609375,1.51953125,2.357421875,1.859375,1.1171875,372.65625,12.171875
607,0.62109375,1.14453125,2.544921875,2.359375,1.3671875,347.65625,10.671875
608,0.87109375,1.89453125,2.169921875,1.359375,0.8671875,397.65625,13.671875
609,0.80078125,0.69921875,2.298828125,1.703125,1.0078125,386.71875,10.390625
610,0.55078125,1.44921875,2.673828125,2.703125,0.5078125,336.71875,13.390625
611,0.67578125,1.07421875,2.111328125,1.203125,0.7578125,361.71875,8.890625
612,0.92578125,1.82421875,2.486328125,2.203125,1.2578125,411.71875,11.890625
613,0.73828125,0.88671875,2.580078125,2.453125,1.3828125,399.21875,8.140625
614,0.98828125,1.63671875,2.205078125,1.453125,0.8828125,349.21875,11.140625
615,0.86328125,0.51171875,2.392578125,2.953125,0.6328125,374.21875,9.640625
616,0.61328125,1.26171875,2.017578125,1.953125,1.1328125,424.21875,12.640625
617,0.70703125,1.16796875,2.439453125,1.328125,0.5703125,405.46875,8.515625
618,0.95703125,1.91796875,2.064453125,2.328125,1.0703125,355.46875,11.515625
619,0.83203125,0.79296875,2.626953125,1.828125,1.3203125,330.46875,10.015625
620,0.58203125,1.54296875,2.251953125,2.828125,0.8203125,380.46875,13.015625
621,0.76953125,0.60546875,2.158203125,2.578125,0.9453125,417.96875,10.765625
622,0.51953125,1.35546875,2.533203125,1.578125,1.4453125,367.96875,13.765625
623,0.64453125,0.98046875,2.345703125,2.078125,1.1953125,342.96875,9.265625
624,0.89453125,1.73046875,2.720703125,1.078125,0.6953125,392.96875,12.265625
625,0.62890625,1.02734375,2.087890625,2.890625,1.2890625,364.84375,13.578125
626,0.87890625,1.77734375,2.462890625,1.890625,0.7890625,414.84375,10.578125
627,0.75390625,0.65234375,2.275390625,2.390625,0.5390625,389.84375,12.078125
628,0.50390625,1.40234375,2.650390625,1.390625,1.0390625,339.84375,9.078125
629,0.81640625,0.83984375,2.556640625,1.140625,1.1640625,352.34375,11.328125
630,0.56640625,1.58984375,2.181640625,2.140625,0.6640625,402.34375,8.328125
631,0.69140625,1.21484375,2.744140625,1.640625,0.9140625,377.34375,12.828125
632,0.94140625,1.96484375,2.369140625,2.640625,1.4140625,327.34375,9.828125
633,0.84765625,0.55859375,2.697265625,2.015625,0.8515625,346.09375,11.703125
634,0.59765625,1.30859375,2.322265625,1.015625,1.3515625,396.09375,8.703125
635,0.72265625,0.93359375,2.509765625,2.515625,1.1015625,421.09375,13.203125
636,0.97265625,1.68359375,2.134765625,1.515625,0.6015625,371.09375,10.203125
637,0.66015625,1.12109375,2.228515625,1.765625,0.7265625,333.59375,13.953125
638,0.91015625,1.87109375,2.603515625,2.765625,1.2265625,383.59375,10.953125
639,0.78515625,0.74609375,2.041015625,1.265625,1.4765625,408.59375,12.453125
640,0.53515625,1.49609375,2.416015625,2.265625,0.9765625,358.59375,9.453125
641,0.623046875,0.998046875,2.219726562,1.3828125,1.40234375,392.578125,13.1796875
642,0.873046875,1.748046875,2.594726562,2.3828125,0.90234375,342.578125,10.1796875
643,0.998046875,0.623046875,2.032226562,1.8828125,0.65234375,367.578125,11.6796875
644,0.748046875,1.373046875,2.407226562,2.8828125,1.15234375,417.578125,8.6796875
645,0.935546875,0.810546875,2.688476562,2.6328125,1.02734375,380.078125,12.4296875
646,0.685546875,1.560546875,2.313476562,1.6328125,0.52734375,330.078125,9.4296875
647,0.560546875,1.185546875,2.500976562,2.1328125,0.77734375,355.078125,13.9296875
648,0.810546875,1.935546875,2.125976562,1.1328125,1.27734375,405.078125,10.9296875
649,0.904296875,0.529296875,2.547851562,1.5078125,0.96484375,423.828125,12.0546875
650,0.654296875,1.279296875,2.172851562,2.5078125,1.46484375,373.828125,9.0546875
651,0.529296875,0.904296875,2.735351562,1.0078125,1.21484375,348.828125,13.5546875
652,0.779296875,1.654296875,2.360351562,2.0078125,0.71484375,398.828125,10.5546875
653,0.591796875,1.091796875,2.079101562,2.2578125,0.58984375,411.328125,12.8046875
654,0.841796875,1.841796875,2.454101562,1.2578125,1.08984375,361.328125,9.8046875
655,0.966796875,0.716796875,2.266601562,2.7578125,1.33984375,336.328125,11.3046875
656,0.716796875,1.466796875,2.641601562,1.7578125,0.83984375,386.328125,8.3046875
657,0.951171875,0.763671875,2.149414062,2.1953125,1.18359375,358.203125,9.9921875
658,0.701171875,1.513671875,2.524414062,1.1953125,0.68359375,408.203125,12.9921875
659,0.576171875,1.138671875,2.336914062,2.6953125,0.93359375,383.203125,8.4921875
660,0.826171875,1.888671875,2.711914062,1.6953125,1.43359375,333.203125,11.4921875
661,0.513671875,0.951171875,2.430664062,1.9453125,1.30859375,370.703125,9.2421875
662,0.763671875,1.701171875,2.055664062,2.9453125,0.80859375,420.703125,12.2421875
663,0.888671875,0.576171875,2.618164062,1.4453125,0.55859375,395.703125,10.7421875
664,0.638671875,1.326171875,2.243164062,2.4453125,1.05859375,345.703125,13.7421875
665,0.544921875,1.232421875,2.571289062,2.8203125,0.74609375,326.953125,8.8671875
666,0.794921875,1.982421875,2.196289062,1.8203125,1.24609375,376.953125,11.8671875
667,0.919921875,0.857421875,2.383789062,2.3203125,1.49609375,401.953125,10.3671875
668,0.669921875,1.607421875,2.008789062,1.3203125,0.99609375,351.953125,13.3671875
669,0.982421875,0.669921875,2.290039062,1.0703125,0.87109375,339.453125,9.6171875
670,0.732421875,1.419921875,2.665039062,2.0703125,1.37109375,389.453125,12.6171875
671,0.607421875,1.044921875,2.102539062,1.5703125,1.12109375,414.453125,8.1171875
672,0.857421875,1.794921875,2.477539062,2.5703125,0.62109375,364.453125,11.1171875
673,0.787109375,0.599609375,2.747070312,2.4765625,1.26171875,350.390625,8.3984375
674,0.537109375,1.349609375,2.372070312,1.4765625,0.76171875,400.390625,11.3984375
675,0.662109375,0.974609375,2.559570312,2.9765625,0.51171875,375.390625,9.8984375
676,0.912109375,1.724609375,2.184570312,1.9765625,1.01171875,325.390625,12.8984375
677,0.724609375,1.162109375,2.278320312,1.7265625,1.13671875,362.890625,10.6484375
678,0.974609375,1.912109375,2.653320312,2.7265625,0.63671875,412.890625,13.6484375
679,0.849609375,0.787109375,2.090820312,1.2265625,0.88671875,387.890625,9.1484375
680,0.599609375,1.537109375,2.465820312,2.2265625,1.38671875,337.890625,12.1484375
681,0.693359375,0.880859375,2.043945312,2.6015625,0.82421875,331.640625,10.2734375
682,0.943359375,1.630859375,2.418945312,1.6015625,1.32421875,381.640625,13.2734375
683,0.818359375,0.505859375,2.231445312,2.1015625,1.07421875,406.640625,8.7734375
684,0.568359375,1.255859375,2.606445312,1.1015625,0.57421875,356.640625,11.7734375
685,0.755859375,0.693359375,2.512695312,1.3515625,0.69921875,344.140625,8.0234375
686,0.505859375,1.443359375,2.137695312,2.3515625,1.19921875,394.140625,11.0234375
687,0.630859375,1.068359375,2.700195312,1.8515625,1.44921875,419.140625,9.5234375
688,0.880859375,1.818359375,2.325195312,2.8515625,0.94921875,369.140625,12.5234375
689,0.646484375,1.115234375,2.395507812,1.1640625,1.04296875,397.265625,11.5859375
690,0.896484375,1.865234375,2.020507812,2.1640625,0.54296875,347.265625,8.5859375
691,0.771484375,0.740234375,2.583007812,1.6640625,0.79296875,372.265625,13.0859375
692,0.521484375,1.490234375,2.208007812,2.6640625,1.29296875,422.265625,10.0859375
693,0.833984375,0.552734375,2.114257812,2.9140625,1.41796875,384.765625,13.8359375
694,0.583984375,1.302734375,2.489257812,1.9140625,0.91796875,334.765625,10.8359375
695,0.708984375,0.927734375,2.301757812,2.4140625,0.66796875,359.765625,12.3359375
696,0.958984375,1.677734375,2.676757812,1.4140625,1.16796875,409.765625,9.3359375
697,0.865234375,0.833984375,2.348632812,1.7890625,0.60546875,416.015625,13.4609375
698,0.615234375,1.583984375,2.723632812,2.7890625,1.10546875,366.015625,10.4609375
699,0.740234375,1.208984375,2.161132812,1.2890625,1.35546875,341.015625,11.9609375
700,0.990234375,1.958984375,2.536132812,2.2890625,0.85546875,391.015625,8.9609375
701,0.677734375,1.021484375,2.629882812,2.0390625,0.98046875,403.515625,11.2109375
702,0.927734375,1.771484375,2.254882812,1.0390625,1.48046875,353.515625,8.2109375
703,0.802734375,0.646484375,2.442382812,2.5390625,1.23046875,328.515625,12.7109375
704,0.552734375,1.396484375,2.067382812,1.5390625,0.73046875,378.515625,9.7109375
705,0.517578125,0.798828125,2.448242188,2.8046875,0.75390625,412.109375,10.7890625
706,0.767578125,1.548828125,2.073242188,1.8046875,1.25390625,362.109375,13.7890625
707,0.892578125,1.173828125,2.635742188,2.3046875,1.00390625,337.109375,9.2890625
708,0.642578125,1.923828125,2.260742188,1.3046875,0.50390625,387.109375,12.2890625
709,0.955078125,0.986328125,2.166992188,1.0546875,0.62890625,424.609375,8.5390625
710,0.705078125,1.736328125,2.541992188,2.0546875,1.12890625,374.609375,11.5390625
711,0.580078125,0.611328125,2.354492188,1.5546875,1.37890625,349.609375,10.0390625
712,0.830078125,1.361328125,2.729492188,2.5546875,0.87890625,399.609375,13.0390625
713,0.986328125,1.080078125,2.307617188,2.1796875,1.31640625,380.859375,8.1640625
714,0.736328125,1.830078125,2.682617188,1.1796875,0.81640625,330.859375,11.1640625
715,0.611328125,0.705078125,2.120117188,2.6796875,0.56640625,355.859375,9.6640625
716,0.861328125,1.455078125,2.495117188,1.6796875,1.06640625,405.859375,12.6640625
717,0.548828125,0.517578125,2.588867188,1.9296875,1.19140625,393.359375,10.4140625
718,0.798828125,1.267578125,2.213867188,2.9296875,0.69140625,343.359375,13.4140625
719,0.923828125,0.892578125,2.401367188,1.4296875,0.94140625,368.359375,8.9140625
720,0.673828125,1.642578125,2.026367188,2.4296875,1.44140625,418.359375,11.9140625
721,0.908203125,0.939453125,2.659179688,1.6171875,0.53515625,340.234375,13.9765625
722,0.658203125,1.689453125,2.284179688,2.6171875,1.03515625,390.234375,10.9765625
723,0.533203125,0.564453125,2.471679688,1.1171875,1.28515625,415.234375,12.4765625
724,0.783203125,1.314453125,2.096679688,2.1171875,0.78515625,365.234375,9.4765625
725,0.595703125,0.751953125,2.190429688,2.3671875,0.91015625,327.734375,11.7265625
726,0.845703125,1.501953125,2.565429688,1.3671875,1.41015625,377.734375,8.7265625
727,0.970703125,1.126953125,2.002929688,2.8671875,1.16015625,402.734375,13.2265625
728,0.720703125,1.876953125,2.377929688,1.8671875,0.66015625,352.734375,10.2265625
729,0.564453125,0.658203125,2.049804688,1.4921875,1.09765625,371.484375,11.3515625
730,0.814453125,1.408203125,2.424804688,2.4921875,0.59765625,421.484375,8.3515625
731,0.939453125,1.033203125,2.237304688,1.9921875,0.84765625,396.484375,12.8515625
732,0.689453125,1.783203125,2.612304688,2.9921875,1.34765625,346.484375,9.8515625
733,0.876953125,1.220703125,2.518554688,2.7421875,1.47265625,358.984375,13.6015625
734,0.626953125,1.970703125,2.143554688,1.7421875,0.97265625,408.984375,10.6015625
735,0.501953125,0.845703125,2.706054688,2.2421875,0.72265625,383.984375,12.1015625
736,0.751953125,1.595703125,2.331054688,1.2421875,1.22265625,333.984375,9.1015625
737,0.822265625,1.197265625,2.131835938,1.8359375,0.89453125,344.921875,12.3828125
738,0.572265625,1.947265625,2.506835938,2.8359375,1.39453125,394.921875,9.3828125
739,0.697265625,0.822265625,2.319335938,1.3359375,1.14453125,419.921875,13.8828125
740,0.947265625,1.572265625,2.694335938,2.3359375,0.64453125,369.921875,10.8828125
741,0.634765625,0.634765625,2.413085938,2.0859375,0.51953125,332.421875,13.1328125
742,0.884765625,1.384765625,2.038085938,1.0859375,1.01953125,382.421875,10.1328125
743,0.759765625,1.009765625,2.600585938,2.5859375,1.26953125,407.421875,11.6328125
744,0.509765625,1.759765625,2.225585938,1.5859375,0.76953125,357.421875,8.6328125
745,0.666015625,0.728515625,2.647460938,1.2109375,1.45703125,363.671875,12.7578125
746,0.916015625,1.478515625,2.272460938,2.2109375,0.95703125,413.671875,9.7578125
747,0.791015625,1.103515625,2.459960938,1.7109375,0.70703125,388.671875,11.2578125
748,0.541015625,1.853515625,2.084960938,2.7109375,1.20703125,338.671875,8.2578125
749,0.853515625,0.916015625,2.366210938,2.9609375,1.08203125,351.171875,12.0078125
750,0.603515625,1.666015625,2.741210938,1.9609375,0.58203125,401.171875,9.0078125
751,0.728515625,0.541015625,2.178710938,2.4609375,0.83203125,376.171875,13.5078125
752,0.978515625,1.291015625,2.553710938,1.4609375,1.33203125,326.171875,10.5078125
753,0.744140625,0.587890625,2.249023438,2.5234375,0.67578125,404.296875,9.1953125
754,0.994140625,1.337890625,2.624023438,1.5234375,1.17578125,354.296875,12.1953125
755,0.869140625,0.962890625,2.061523438,2.0234375,1.42578125,329.296875,10.6953125
756,0.619140625,1.712890625,2.436523438,1.0234375,0.92578125,379.296875,13.6953125
757,0.806640625,1.150390625,2.717773438,1.2734375,0.80078125,416.796875,9.9453125
758,0.556640625,1.900390625,2.342773438,2.2734375,1.30078125,366.796875,12.9453125
759,0.681640625,0.775390625,2.530273438,1.7734375,1.05078125,341.796875,8.4453125
760,0.931640625,1.525390625,2.155273438,2.7734375,0.55078125,391.796875,11.4453125
761,0.775390625,1.056640625,2.483398438,2.3984375,1.23828125,385.546875,9.5703125
762,0.525390625,1.806640625,2.108398438,1.3984375,0.73828125,335.546875,12.5703125
763,0.650390625,0.681640625,2.670898438,2.8984375,0.98828125,360.546875,8.0703125
764,0.900390625,1.431640625,2.295898438,1.8984375,1.48828125,410.546875,11.0703125
765,0.712890625,0.869140625,2.014648438,1.6484375,1.36328125,398.046875,8.8203125
766,0.962890625,1.619140625,2.389648438,2.6484375,0.86328125,348.046875,11.8203125
767,0.837890625,1.244140625,2.202148438,1.1484375,0.61328125,373.046875,10.3203125
768,0.587890625,1.994140625,2.577148438,2.1484375,1.11328125,423.046875,13.3203125
769,0.5,0.5,2,1,0.5,325,8
770,0.75,1.25,2.375,2,1,375,11
771,0.875,1.625,2.1875,1.5,1.25,400,9.5
772,0.625,0.875,2.5625,2.5,0.75,350,12.5
773,0.6875,1.8125,2.46875,2.75,0.875,337.5,10.25
774,0.9375,1.0625,2.09375,1.75,1.375,387.5,13.25
775,0.8125,0.6875,2.65625,2.25,1.125,412.5,8.75
776,0.5625,1.4375,2.28125,1.25,0.625,362.5,11.75
777,0.59375,1.90625,2.703125,1.875,1.0625,356.25,10.625
778,0.84375,1.15625,2.328125,2.875,0.5625,406.25,13.625
779,0.96875,0.78125,2.515625,1.375,0.8125,381.25,9.125
780,0.71875,1.53125,2.140625,2.375,1.3125,331.25,12.125
781,0.65625,0.59375,2.234375,2.125,1.4375,368.75,8.375
782,0.90625,1.34375,2.609375,1.125,0.9375,418.75,11.375
783,0.78125,1.71875,2.046875,2.625,0.6875,393.75,9.875
784,0.53125,0.96875,2.421875,1.625,1.1875,343.75,12.875
785,0.546875,1.203125,2.3515625,2.3125,0.78125,421.875,11.1875
786,0.796875,1.953125,2.7265625,1.3125,1.28125,371.875,8.1875
787,0.921875,1.578125,2.1640625,2.8125,1.03125,346.875,12.6875
788,0.671875,0.828125,2.5390625,1.8125,0.53125,396.875,9.6875
789,0.734375,1.390625,2.6328125,1.5625,0.65625,409.375,13.4375
790,0.984375,0.640625,2.2578125,2.5625,1.15625,359.375,10.4375
791,0.859375,1.015625,2.4453125,1.0625,1.40625,334.375,11.9375
792,0.609375,1.765625,2.0703125,2.0625,0.90625,384.375,8.9375
793,0.578125,1.296875,2.3984375,2.6875,1.34375,390.625,13.8125
794,0.828125,0.546875,2.0234375,1.6875,0.84375,340.625,10.8125
795,0.953125,0.921875,2.5859375,2.1875,0.59375,365.625,12.3125
796,0.703125,1.671875,2.2109375,1.1875,1.09375,415.625,9.3125
797,0.640625,1.109375,2.1171875,1.4375,1.21875,378.125,11.5625
798,0.890625,1.859375,2.4921875,2.4375,0.71875,328.125,8.5625
799,0.765625,1.484375,2.3046875,1.9375,0.96875,353.125,13.0625
800,0.515625,0.734375,2.6796875,2.9375,1.46875,403.125,10.0625
801,0.5234375,1.9765625,2.52734375,2.09375,0.640625,417.1875,12.78125
802,0.7734375,1.2265625,2.15234375,1.09375,1.140625,367.1875,9.78125
803,0.8984375,0.8515625,2.71484375,2.59375,1.390625,342.1875,11.28125
804,0.6484375,1.6015625,2.33984375,1.59375,0.890625,392.1875,8.28125
805,0.7109375,0.6640625,2.05859375,1.84375,0.765625,404.6875,12.03125
806,0.9609375,1.4140625,2.43359375,2.84375,1.265625,354.6875,9.03125
807,0.8359375,1.7890625,2.24609375,1.34375,1.015625,329.6875,13.53125
808,0.5859375,1.0390625,2.62109375,2.34375,0.515625,379.6875,10.53125
809,0.6171875,0.5703125,2.19921875,2.96875,1.203125,398.4375,12.40625
810,0.8671875,1.3203125,2.57421875,1.96875,0.703125,348.4375,9.40625
811,0.9921875,1.6953125,2.01171875,2.46875,0.953125,373.4375,13.90625
812,0.7421875,0.9453125,2.38671875,1.46875,1.453125,423.4375,10.90625
813,0.6796875,1.8828125,2.66796875,1.21875,1.328125,385.9375,13.15625
814,0.9296875,1.1328125,2.29296875,2.21875,0.828125,335.9375,10.15625
815,0.8046875,0.7578125,2.48046875,1.71875,0.578125,360.9375,11.65625
816,0.5546875,1.5078125,2.10546875,2.71875,1.078125,410.9375,8.65625
817,0.5390625,1.2734375,2.59765625,1.28125,0.921875,332.8125,9.59375
818,0.7890625,0.5234375,2.22265625,2.28125,1.421875,382.8125,12.59375
819,0.9140625,0.8984375,2.41015625,1.78125,1.171875,407.8125,8.09375
820,0.6640625,1.6484375,2.03515625,2.78125,0.671875,357.8125,11.09375
821,0.7265625,1.0859375,2.31640625,2.53125,0.546875,345.3125,8.84375
822,0.9765625,1.8359375,2.69140625,1.53125,1.046875,395.3125,11.84375
823,0.8515625,1.4609375,2.12890625,2.03125,1.296875,420.3125,10.34375
824,0.6015625,0.7109375,2.50390625,1.03125,0.796875,370.3125,13.34375
825,0.5703125,1.1796875,2.17578125,1.65625,1.484375,351.5625,9.21875
826,0.8203125,1.9296875,2.55078125,2.65625,0.984375,401.5625,12.21875
827,0.9453125,1.5546875,2.36328125,1.15625,0.734375,376.5625,10.71875
828,0.6953125,0.8046875,2.73828125,2.15625,1.234375,326.5625,13.71875
829,0.6328125,1.3671875,2.45703125,2.40625,1.109375,364.0625,9.96875
830,0.8828125,0.6171875,2.08203125,1.40625,0.609375,414.0625,12.96875
831,0.7578125,0.9921875,2.64453125,2.90625,0.859375,389.0625,8.46875
832,0.5078125,1.7421875,2.26953125,1.90625,1.359375,339.0625,11.46875
833,0.51171875,1.61328125,2.615234375,2.671875,1.1484375,369.53125,11.984375
834,0.76171875,0.86328125,2.240234375,1.671875,0.6484375,419.53125,8.984375
835,0.88671875,1.23828125,2.427734375,2.171875,0.8984375,394.53125,13.484375
836,0.63671875,1.98828125,2.052734375,1.171875,1.3984375,344.53125,10.484375
837,0.69921875,1.05078125,2.333984375,1.421875,1.2734375,357.03125,12.734375
838,0.94921875,1.80078125,2.708984375,2.421875,0.7734375,407.03125,9.734375
839,0.82421875,1.42578125,2.146484375,1.921875,0.5234375,382.03125,11.234375
840,0.57421875,0.67578125,2.521484375,2.921875,1.0234375,332.03125,8.234375
841,0.60546875,0.95703125,2.099609375,2.296875,0.7109375,338.28125,13.109375
842,0.85546875,1.70703125,2.474609375,1.296875,1.2109375,388.28125,10.109375
843,0.98046875,1.33203125,2.287109375,2.796875,1.4609375,413.28125,11.609375
844,0.73046875,0.58203125,2.662109375,1.796875,0.9609375,363.28125,8.609375
845,0.66796875,1.51953125,2.380859375,1.546875,0.8359375,325.78125,12.359375
846,0.91796875,0.76953125,2.005859375,2.546875,1.3359375,375.78125,9.359375
847,0.79296875,1.14453125,2.568359375,1.046875,1.0859375,400.78125,13.859375
848,0.54296875,1.89453125,2.193359375,2.046875,0.5859375,350.78125,10.859375
849,0.55859375,1.66015625,2.498046875,1.984375,1.4296875,378.90625,8.796875
850,0.80859375,0.91015625,2.123046875,2.984375,0.9296875,328.90625,11.796875
851,0.93359375,0.53515625,2.685546875,1.484375,0.6796875,353.90625,10.296875
852,0.68359375,1.28515625,2.310546875,2.484375,1.1796875,403.90625,13.296875
853,0.74609375,0.72265625,2.029296875,2.234375,1.0546875,391.40625,9.546875
854,0.99609375,1.47265625,2.404296875,1.234375,0.5546875,341.40625,12.546875
855,0.87109375,1.84765625,2.216796875,2.734375,0.8046875,366.40625,8.046875
856,0.62109375,1.09765625,2.591796875,1.734375,1.3046875,416.40625,11.046875
857,0.58984375,0.81640625,2.263671875,1.109375,0.9921875,410.15625,9.921875
858,0.83984375,1.56640625,2.638671875,2.109375,1.4921875,360.15625,12.921875
859,0.96484375,1.94140625,2.076171875,1.609375,1.2421875,335.15625,8.421875
860,0.71484375,1.19140625,2.451171875,2.609375,0.7421875,385.15625,11.421875
861,0.65234375,1.75390625,2.732421875,2.859375,0.6171875,422.65625,9.171875
862,0.90234375,1.00390625,2.357421875,1.859375,1.1171875,372.65625,12.171875
863,0.77734375,0.62890625,2.544921875,2.359375,1.3671875,347.65625,10.671875
864,0.52734375,1.37890625,2.169921875,1.359375,0.8671875,397.65625,13.671875
865,0.51953125,0.88671875,2.298828125,1.703125,1.0078125,386.71875,10.390625
866,0.76953125,1.63671875,2.673828125,2.703125,0.5078125,336.71875,13.390625
867,0.89453125,1.26171875,2.111328125,1.203125,0.7578125,361.71875,8.890625
868,0.64453125,0.51171875,2.486328125,2.203125,1.2578125,411.71875,11.890625
869,0.70703125,1.44921875,2.580078125,2.453125,1.3828125,399.21875,8.140625
870,0.95703125,0.69921875,2.205078125,1.453125,0.8828125,349.21875,11.140625
871,0.83203125,1.07421875,2.392578125,2.953125,0.6328125,374.21875,9.640625
872,0.58203125,1.82421875,2.017578125,1.953125,1.1328125,424.21875,12.640625
873,0.61328125,1.54296875,2.439453125,1.328125,0.5703125,405.46875,8.515625
874,0.86328125,0.79296875,2.064453125,2.328125,1.0703125,355.46875,11.515625
875,0.98828125,1.16796875,2.626953125,1.828125,1.3203125,330.46875,10.015625
876,0.73828125,1.91796875,2.251953125,2.828125,0.8203125,380.46875,13.015625
877,0.67578125,0.98046875,2.158203125,2.578125,0.9453125,417.96875,10.765625
878,0.92578125,1.73046875,2.533203125,1.578125,1.4453125,367.96875,13.765625
879,0.80078125,1.35546875,2.345703125,2.078125,1.1953125,342.96875,9.265625
880,0.55078125,0.60546875,2.720703125,1.078125,0.6953125,392.96875,12.265625
881,0.53515625,0.83984375,2.087890625,2.890625,1.2890625,364.84375,13.578125
882,0.78515625,1.58984375,2.462890625,1.890625,0.7890625,414.84375,10.578125
883,0.91015625,1.96484375,2.275390625,2.390625,0.5390625,389.84375,12.078125
884,0.66015625,1.21484375,2.650390625,1.390625,1.0390625,339.84375,9.078125
885,0.72265625,1.77734375,2.556640625,1.140625,1.1640625,352.34375,11.328125
886,0.97265625,1.02734375,2.181640625,2.140625,0.6640625,402.34375,8.328125
887,0.84765625,0.65234375,2.744140625,1.640625,0.9140625,377.34375,12.828125
888,0.59765625,1.40234375,2.369140625,2.640625,1.4140625,327.34375,9.828125
889,0.56640625,1.68359375,2.697265625,2.015625,0.8515625,346.09375,11.703125
890,0.81640625,0.93359375,2.322265625,1.015625,1.3515625,396.09375,8.703125
891,0.94140625,0.55859375,2.509765625,2.515625,1.1015625,421.09375,13.203125
892,0.69140625,1.30859375,2.134765625,1.515625,0.6015625,371.09375,10.203125
893,0.62890625,0.74609375,2.228515625,1.765625,0.7265625,333.59375,13.953125
894,0.87890625,1.49609375,2.603515625,2.765625,1.2265625,383.59375,10.953125
895,0.75390625,1.87109375,2.041015625,1.265625,1.4765625,408.59375,12.453125
896,0.50390625,1.12109375,2.416015625,2.265625,0.9765625,358.59375,9.453125
897,0.505859375,0.658203125,2.219726562,1.3828125,1.40234375,392.578125,13.1796875
898,0.755859375,1.408203125,2.594726562,2.3828125,0.90234375,342.578125,10.1796875
899,0.880859375,1.783203125,2.032226562,1.8828125,0.65234375,367.578125,11.6796875
900,0.630859375,1.033203125,2.407226562,2.8828125,1.15234375,417.578125,8.6796875
901,0.693359375,1.970703125,2.688476562,2.6328125,1.02734375,380.078125,12.4296875
902,0.943359375,1.220703125,2.313476562,1.6328125,0.52734375,330.078125,9.4296875
903,0.818359375,0.845703125,2.500976562,2.1328125,0.77734375,355.078125,13.9296875
904,0.568359375,1.595703125,2.125976562,1.1328125,1.27734375,405.078125,10.9296875
905,0.599609375,1.876953125,2.547851562,1.5078125,0.96484375,423.828125,12.0546875
906,0.849609375,1.126953125,2.172851562,2.5078125,1.46484375,373.828125,9.0546875
907,0.974609375,0.751953125,2.735351562,1.0078125,1.21484375,348.828125,13.5546875
908,0.724609375,1.501953125,2.360351562,2.0078125,0.71484375,398.828125,10.5546875
909,0.662109375,0.564453125,2.079101562,2.2578125,0.58984375,411.328125,12.8046875
910,0.912109375,1.314453125,2.454101562,1.2578125,1.08984375,361.328125,9.8046875
911,0.787109375,1.689453125,2.266601562,2.7578125,1.33984375,336.328125,11.3046875
912,0.537109375,0.939453125,2.641601562,1.7578125,0.83984375,386.328125,8.3046875
913,0.552734375,1.080078125,2.149414062,2.1953125,1.18359375,358.203125,9.9921875
914,0.802734375,1.830078125,2.524414062,1.1953125,0.68359375,408.203125,12.9921875
915,0.927734375,1.455078125,2.336914062,2.6953125,0.93359375,383.203125,8.4921875
916,0.677734375,0.705078125,2.711914062,1.6953125,1.43359375,333.203125,11.4921875
917,0.740234375,1.267578125,2.430664062,1.9453125,1.30859375,370.703125,9.2421875
918,0.990234375,0.517578125,2.055664062,2.9453125,0.80859375,420.703125,12.2421875
919,0.865234375,0.892578125,2.618164062,1.4453125,0.55859375,395.703125,10.7421875
920,0.615234375,1.642578125,2.243164062,2.4453125,1.05859375,345.703125,13.7421875
921,0.583984375,1.361328125,2.571289062,2.8203125,0.74609375,326.953125,8.8671875
922,0.833984375,0.611328125,2.196289062,1.8203125,1.24609375,376.953125,11.8671875
923,0.958984375,0.986328125,2.383789062,2.3203125,1.49609375,401.953125,10.3671875
924,0.708984375,1.736328125,2.008789062,1.3203125,0.99609375,351.953125,13.3671875
925,0.646484375,1.173828125,2.290039062,1.0703125,0.87109375,339.453125,9.6171875
926,0.896484375,1.923828125,2.665039062,2.0703125,1.37109375,389.453125,12.6171875
927,0.771484375,1.548828125,2.102539062,1.5703125,1.12109375,414.453125,8.1171875
928,0.521484375,0.798828125,2.477539062,2.5703125,0.62109375,364.453125,11.1171875
929,0.529296875,1.853515625,2.747070312,2.4765625,1.26171875,350.390625,8.3984375
930,0.779296875,1.103515625,2.372070312,1.4765625,0.76171875,400.390625,11.3984375
931,0.904296875,0.728515625,2.559570312,2.9765625,0.51171875,375.390625,9.8984375
932,0.654296875,1.478515625,2.184570312,1.9765625,1.01171875,325.390625,12.8984375
933,0.716796875,0.541015625,2.278320312,1.7265625,1.13671875,362.890625,10.6484375
934,0.966796875,1.291015625,2.653320312,2.7265625,0.63671875,412.890625,13.6484375
935,0.841796875,1.666015625,2.090820312,1.2265625,0.88671875,387.890625,9.1484375
936,0.591796875,0.916015625,2.465820312,2.2265625,1.38671875,337.890625,12.1484375
937,0.623046875,0.634765625,2.043945312,2.6015625,0.82421875,331.640625,10.2734375
938,0.873046875,1.384765625,2.418945312,1.6015625,1.32421875,381.640625,13.2734375
939,0.998046875,1.759765625,2.231445312,2.1015625,1.07421875,406.640625,8.7734375
940,0.748046875,1.009765625,2.606445312,1.1015625,0.57421875,356.640625,11.7734375
941,0.685546875,1.947265625,2.512695312,1.3515625,0.69921875,344.140625,8.0234375
942,0.935546875,1.197265625,2.137695312,2.3515625,1.19921875,394.140625,11.0234375
943,0.810546875,0.822265625,2.700195312,1.8515625,1.44921875,419.140625,9.5234375
944,0.560546875,1.572265625,2.325195312,2.8515625,0.94921875,369.140625,12.5234375
945,0.544921875,1.431640625,2.395507812,1.1640625,1.04296875,397.265625,11.5859375
946,0.794921875,0.681640625,2.020507812,2.1640625,0.54296875,347.265625,8.5859375
947,0.919921875,1.056640625,2.583007812,1.6640625,0.79296875,372.265625,13.0859375
948,0.669921875,1.806640625,2.208007812,2.6640625,1.29296875,422.265625,10.0859375
949,0.732421875,1.244140625,2.114257812,2.9140625,1.41796875,384.765625,13.8359375
950,0.982421875,1.994140625,2.489257812,1.9140625,0.91796875,334.765625,10.8359375
951,0.857421875,1.619140625,2.301757812,2.4140625,0.66796875,359.765625,12.3359375
952,0.607421875,0.869140625,2.676757812,1.4140625,1.16796875,409.765625,9.3359375
953,0.576171875,1.150390625,2.348632812,1.7890625,0.60546875,416.015625,13.4609375
954,0.826171875,1.900390625,2.723632812,2.7890625,1.10546875,366.015625,10.4609375
955,0.951171875,1.525390625,2.161132812,1.2890625,1.35546875,341.015625,11.9609375
956,0.701171875,0.775390625,2.536132812,2.2890625,0.85546875,391.015625,8.9609375
957,0.638671875,1.337890625,2.629882812,2.0390625,0.98046875,403.515625,11.2109375
958,0.888671875,0.587890625,2.254882812,1.0390625,1.48046875,353.515625,8.2109375
959,0.763671875,0.962890625,2.442382812,2.5390625,1.23046875,328.515625,12.7109375
960,0.513671875,1.712890625,2.067382812,1.5390625,0.73046875,378.515625,9.7109375
961,0.509765625,1.466796875,2.448242188,2.8046875,0.75390625,412.109375,10.7890625
962,0.759765625,0.716796875,2.073242188,1.8046875,1.25390625,362.109375,13.7890625
963,0.884765625,1.091796875,2.635742188,2.3046875,1.00390625,337.109375,9.2890625
964,0.634765625,1.841796875,2.260742188,1.3046875,0.50390625,387.109375,12.2890625
965,0.697265625,0.904296875,2.166992188,1.0546875,0.62890625,424.609375,8.5390625
966,0.947265625,1.654296875,2.541992188,2.0546875,1.12890625,374.609375,11.5390625
967,0.822265625,1.279296875,2.354492188,1.5546875,1.37890625,349.609375,10.0390625
968,0.572265625,0.529296875,2.729492188,2.5546875,0.87890625,399.609375,13.0390625
969,0.603515625,0.998046875,2.307617188,2.1796875,1.31640625,380.859375,8.1640625
970,0.853515625,1.748046875,2.682617188,1.1796875,0.81640625,330.859375,11.1640625
971,0.978515625,1.373046875,2.120117188,2.6796875,0.56640625,355.859375,9.6640625
972,0.728515625,0.623046875,2.495117188,1.6796875,1.06640625,405.859375,12.6640625
973,0.666015625,1.560546875,2.588867188,1.9296875,1.19140625,393.359375,10.4140625
974,0.916015625,0.810546875,2.213867188,2.9296875,0.69140625,343.359375,13.4140625
975,0.791015625,1.185546875,2.401367188,1.4296875,0.94140625,368.359375,8.9140625
976,0.541015625,1.935546875,2.026367188,2.4296875,1.44140625,418.359375,11.9140625
977,0.556640625,1.794921875,2.659179688,1.6171875,0.53515625,340.234375,13.9765625
978,0.806640625,1.044921875,2.284179688,2.6171875,1.03515625,390.234375,10.9765625
979,0.931640625,0.669921875,2.471679688,1.1171875,1.28515625,415.234375,12.4765625
980,0.681640625,1.419921875,2.096679688,2.1171875,0.78515625,365.234375,9.4765625
981,0.744140625,0.857421875,2.190429688,2.3671875,0.91015625,327.734375,11.7265625
982,0.994140625,1.607421875,2.565429688,1.3671875,1.41015625,377.734375,8.7265625
983,0.869140625,1.982421875,2.002929688,2.8671875,1.16015625,402.734375,13.2265625
984,0.619140625,1.232421875,2.377929688,1.8671875,0.66015625,352.734375,10.2265625
985,0.587890625,0.763671875,2.049804688,1.4921875,1.09765625,371.484375,11.3515625
986,0.837890625,1.513671875,2.424804688,2.4921875,0.59765625,421.484375,8.3515625
987,0.962890625,1.888671875,2.237304688,1.9921875,0.84765625,396.484375,12.8515625
988,0.712890625,1.138671875,2.612304688,2.9921875,1.34765625,346.484375,9.8515625
989,0.650390625,1.701171875,2.518554688,2.7421875,1.47265625,358.984375,13.6015625
990,0.900390625,0.951171875,2.143554688,1.7421875,0.97265625,408.984375,10.6015625
991,0.775390625,0.576171875,2.706054688,2.2421875,0.72265625,383.984375,12.1015625
992,0.525390625,1.326171875,2.331054688,1.2421875,1.22265625,333.984375,9.1015625
993,0.517578125,1.021484375,2.131835938,1.8359375,0.89453125,344.921875,12.3828125
994,0.767578125,1.771484375,2.506835938,2.8359375,1.39453125,394.921875,9.3828125
995,0.892578125,1.396484375,2.319335938,1.3359375,1.14453125,419.921875,13.8828125
996,0.642578125,0.646484375,2.694335938,2.3359375,0.64453125,369.921875,10.8828125
997,0.705078125,1.583984375,2.413085938,2.0859375,0.51953125,332.421875,13.1328125
998,0.955078125,0.833984375,2.038085938,1.0859375,1.01953125,382.421875,10.1328125
999,0.830078125,1.208984375,2.600585938,2.5859375,1.26953125,407.421875,11.6328125
1000,0.580078125,1.958984375,2.225585938,1.5859375,0.76953125,357.421875,8.6328125
1001,0.611328125,1.490234375,2.647460938,1.2109375,1.45703125,363.671875,12.7578125
1002,0.861328125,0.740234375,2.272460938,2.2109375,0.95703125,413.671875,9.7578125
1003,0.986328125,1.115234375,2.459960938,1.7109375,0.70703125,388.671875,11.2578125
1004,0.736328125,1.865234375,2.084960938,2.7109375,1.20703125,338.671875,8.2578125
1005,0.673828125,0.927734375,2.366210938,2.9609375,1.08203125,351.171875,12.0078125
1006,0.923828125,1.677734375,2.741210938,1.9609375,0.58203125,401.171875,9.0078125
1007,0.798828125,1.302734375,2.178710938,2.4609375,0.83203125,376.171875,13.5078125
1008,0.548828125,0.552734375,2.553710938,1.4609375,1.33203125,326.171875,10.5078125
1009,0.533203125,0.693359375,2.249023438,2.5234375,0.67578125,404.296875,9.1953125
1010,0.783203125,1.443359375,2.624023438,1.5234375,1.17578125,354.296875,12.1953125
1011,0.908203125,1.818359375,2.061523438,2.0234375,1.42578125,329.296875,10.6953125
1012,0.658203125,1.068359375,2.436523438,1.0234375,0.92578125,379.296875,13.6953125
1013,0.720703125,1.630859375,2.717773438,1.2734375,0.80078125,416.796875,9.9453125
1014,0.970703125,0.880859375,2.342773438,2.2734375,1.30078125,366.796875,12.9453125
1015,0.845703125,0.505859375,2.530273438,1.7734375,1.05078125,341.796875,8.4453125
1016,0.595703125,1.255859375,2.155273438,2.7734375,0.55078125,391.796875,11.4453125
1017,0.564453125,1.724609375,2.483398438,2.3984375,1.23828125,385.546875,9.5703125
1018,0.814453125,0.974609375,2.108398438,1.3984375,0.73828125,335.546875,12.5703125
1019,0.939453125,0.599609375,2.670898438,2.8984375,0.98828125,360.546875,8.0703125
1020,0.689453125,1.349609375,2.295898438,1.8984375,1.48828125,410.546875,11.0703125
1021,0.626953125,0.787109375,2.014648438,1.6484375,1.36328125,398.046875,8.8203125
1022,0.876953125,1.537109375,2.389648438,2.6484375,0.86328125,348.046875,11.8203125
1023,0.751953125,1.912109375,2.202148438,1.1484375,0.61328125,373.046875,10.3203125
1024,0.501953125,1.162109375,2.577148438,2.1484375,1.11328125,423.046875,13.3203125
1025,0.5,0.5,2,1,0.5,325,8
1026,0.75,1.25,2.375,2,1,375,11
1027,0.875,0.875,2.5625,1.5,1.25,400,9.5
1028,0.625,1.625,2.1875,2.5,0.75,350,12.5
1029,0.6875,1.0625,2.46875,2.75,0.875,337.5,10.25
1030,0.9375,1.8125,2.09375,1.75,1.375,387.5,13.25
1031,0.8125,0.6875,2.28125,2.25,1.125,412.5,8.75
1032,0.5625,1.4375,2.65625,1.25,0.625,362.5,11.75
1033,0.59375,0.96875,2.234375,1.875,1.0625,356.25,10.625
1034,0.84375,1.71875,2.609375,2.875,0.5625,406.25,13.625
1035,0.96875,0.59375,2.421875,1.375,0.8125,381.25,9.125
1036,0.71875,1.34375,2.046875,2.375,1.3125,331.25,12.125
1037,0.65625,0.78125,2.703125,2.125,1.4375,368.75,8.375
1038,0.90625,1.53125,2.328125,1.125,0.9375,418.75,11.375
1039,0.78125,1.15625,2.140625,2.625,0.6875,393.75,9.875
1040,0.53125,1.90625,2.515625,1.625,1.1875,343.75,12.875
1041,0.546875,1.203125,2.1171875,2.3125,0.78125,421.875,11.1875
1042,0.796875,1.953125,2.4921875,1.3125,1.28125,371.875,8.1875
1043,0.921875,0.828125,2.6796875,2.8125,1.03125,346.875,12.6875
1044,0.671875,1.578125,2.3046875,1.8125,0.53125,396.875,9.6875
1045,0.734375,0.640625,2.3984375,1.5625,0.65625,409.375,13.4375
1046,0.984375,1.390625,2.0234375,2.5625,1.15625,359.375,10.4375
1047,0.859375,1.015625,2.2109375,1.0625,1.40625,334.375,11.9375
1048,0.609375,1.765625,2.5859375,2.0625,0.90625,384.375,8.9375
1049,0.578125,0.734375,2.3515625,2.6875,1.34375,390.625,13.8125
1050,0.828125,1.484375,2.7265625,1.6875,0.84375,340.625,10.8125
1051,0.953125,1.109375,2.5390625,2.1875,0.59375,365.625,12.3125
1052,0.703125,1.859375,2.1640625,1.1875,1.09375,415.625,9.3125
1053,0.640625,0.921875,2.6328125,1.4375,1.21875,378.125,11.5625
1054,0.890625,1.671875,2.2578125,2.4375,0.71875,328.125,8.5625
1055,0.765625,0.546875,2.0703125,1.9375,0.96875,353.125,13.0625
1056,0.515625,1.296875,2.4453125,2.9375,1.46875,403.125,10.0625
1057,0.5234375,0.8984375,2.03515625,2.09375,0.640625,417.1875,12.78125
1058,0.7734375,1.6484375,2.41015625,1.09375,1.140625,367.1875,9.78125
1059,0.8984375,0.5234375,2.59765625,2.59375,1.390625,342.1875,11.28125
1060,0.6484375,1.2734375,2.22265625,1.59375,0.890625,392.1875,8.28125
1061,0.7109375,0.7109375,2.50390625,1.84375,0.765625,404.6875,12.03125
1062,0.9609375,1.4609375,2.12890625,2.84375,1.265625,354.6875,9.03125
1063,0.8359375,1.0859375,2.31640625,1.34375,1.015625,329.6875,13.53125
1064,0.5859375,1.8359375,2.69140625,2.34375,0.515625,379.6875,10.53125
1065,0.6171875,0.6171875,2.26953125,2.96875,1.203125,398.4375,12.40625
1066,0.8671875,1.3671875,2.64453125,1.96875,0.703125,348.4375,9.40625
1067,0.9921875,0.9921875,2.45703125,2.46875,0.953125,373.4375,13.90625
1068,0.7421875,1.7421875,2.08203125,1.46875,1.453125,423.4375,10.90625
1069,0.6796875,1.1796875,2.73828125,1.21875,1.328125,385.9375,13.15625
1070,0.9296875,1.9296875,2.36328125,2.21875,0.828125,335.9375,10.15625
1071,0.8046875,0.8046875,2.17578125,1.71875,0.578125,360.9375,11.65625
1072,0.5546875,1.5546875,2.55078125,2.71875,1.078125,410.9375,8.65625
1073,0.5390625,0.8515625,2.10546875,1.28125,0.921875,332.8125,9.59375
1074,0.7890625,1.6015625,2.48046875,2.28125,1.421875,382.8125,12.59375
1075,0.9140625,1.2265625,2.66796875,1.78125,1.171875,407.8125,8.09375
1076,0.6640625,1.9765625,2.29296875,2.78125,0.671875,357.8125,11.09375
1077,0.7265625,1.0390625,2.38671875,2.53125,0.546875,345.3125,8.84375
1078,0.9765625,1.7890625,2.01171875,1.53125,1.046875,395.3125,11.84375
1079,0.8515625,0.6640625,2.19921875,2.03125,1.296875,420.3125,10.34375
1080,0.6015625,1.4140625,2.57421875,1.03125,0.796875,370.3125,13.34375
1081,0.5703125,1.1328125,2.33984375,1.65625,1.484375,351.5625,9.21875
1082,0.8203125,1.8828125,2.71484375,2.65625,0.984375,401.5625,12.21875
1083,0.9453125,0.7578125,2.52734375,1.15625,0.734375,376.5625,10.71875
1084,0.6953125,1.5078125,2.15234375,2.15625,1.234375,326.5625,13.71875
1085,0.6328125,0.5703125,2.62109375,2.40625,1.109375,364.0625,9.96875
1086,0.8828125,1.3203125,2.24609375,1.40625,0.609375,414.0625,12.96875
1087,0.7578125,0.9453125,2.05859375,2.90625,0.859375,389.0625,8.46875
1088,0.5078125,1.6953125,2.43359375,1.90625,1.359375,339.0625,11.46875
1089,0.51171875,1.09765625,2.087890625,2.671875,1.1484375,369.53125,11.984375
1090,0.76171875,1.84765625,2.462890625,1.671875,0.6484375,419.53125,8.984375
1091,0.88671875,0.72265625,2.650390625,2.171875,0.8984375,394.53125,13.484375
1092,0.63671875,1.47265625,2.275390625,1.171875,1.3984375,344.53125,10.484375
1093,0.69921875,0.53515625,2.556640625,1.421875,1.2734375,357.03125,12.734375
1094,0.94921875,1.28515625,2.181640625,2.421875,0.7734375,407.03125,9.734375
1095,0.82421875,0.91015625,2.369140625,1.921875,0.5234375,382.03125,11.234375
1096,0.57421875,1.66015625,2.744140625,2.921875,1.0234375,332.03125,8.234375
1097,0.60546875,0.81640625,2.228515625,2.296875,0.7109375,338.28125,13.109375
1098,0.85546875,1.56640625,2.603515625,1.296875,1.2109375,388.28125,10.109375
1099,0.98046875,1.19140625,2.416015625,2.796875,1.4609375,413.28125,11.609375
1100,0.73046875,1.94140625,2.041015625,1.796875,0.9609375,363.28125,8.609375
1101,0.66796875,1.00390625,2.697265625,1.546875,0.8359375,325.78125,12.359375
1102,0.91796875,1.75390625,2.322265625,2.546875,1.3359375,375.78125,9.359375
1103,0.79296875,0.62890625,2.134765625,1.046875,1.0859375,400.78125,13.859375
1104,0.54296875,1.37890625,2.509765625,2.046875,0.5859375,350.78125,10.859375
1105,0.55859375,0.67578125,2.158203125,1.984375,1.4296875,378.90625,8.796875
1106,0.80859375,1.42578125,2.533203125,2.984375,0.9296875,328.90625,11.796875
1107,0.93359375,1.05078125,2.720703125,1.484375,0.6796875,353.90625,10.296875
1108,0.68359375,1.80078125,2.345703125,2.484375,1.1796875,403.90625,13.296875
1109,0.74609375,1.23828125,2.439453125,2.234375,1.0546875,391.40625,9.546875
1110,0.99609375,1.98828125,2.064453125,1.234375,0.5546875,341.40625,12.546875
1111,0.87109375,0.86328125,2.251953125,2.734375,0.8046875,366.40625,8.046875
1112,0.62109375,1.61328125,2.626953125,1.734375,1.3046875,416.40625,11.046875
1113,0.58984375,0.95703125,2.298828125,1.109375,0.9921875,410.15625,9.921875
1114,0.83984375,1.70703125,2.673828125,2.109375,1.4921875,360.15625,12.921875
1115,0.96484375,0.58203125,2.486328125,1.609375,1.2421875,335.15625,8.421875
1116,0.71484375,1.33203125,2.111328125,2.609375,0.7421875,385.15625,11.421875
1117,0.65234375,0.76953125,2.580078125,2.859375,0.6171875,422.65625,9.171875
1118,0.90234375,1.51953125,2.205078125,1.859375,1.1171875,372.65625,12.171875
1119,0.77734375,1.14453125,2.017578125,2.359375,1.3671875,347.65625,10.671875
1120,0.52734375,1.89453125,2.392578125,1.359375,0.8671875,397.65625,13.671875
1121,0.51953125,0.69921875,2.052734375,1.703125,1.0078125,386.71875,10.390625
1122,0.76953125,1.44921875,2.427734375,2.703125,0.5078125,336.71875,13.390625
1123,0.89453125,1.07421875,2.615234375,1.203125,0.7578125,361.71875,8.890625
1124,0.64453125,1.82421875,2.240234375,2.203125,1.2578125,411.71875,11.890625
1125,0.70703125,0.88671875,2.521484375,2.453125,1.3828125,399.21875,8.140625
1126,0.95703125,1.63671875,2.146484375,1.453125,0.8828125,349.21875,11.140625
1127,0.83203125,0.51171875,2.333984375,2.953125,0.6328125,374.21875,9.640625
1128,0.58203125,1.26171875,2.708984375,1.953125,1.1328125,424.21875,12.640625
1129,0.61328125,1.16796875,2.193359375,1.328125,0.5703125,405.46875,8.515625
1130,0.86328125,1.91796875,2.568359375,2.328125,1.0703125,355.46875,11.515625
1131,0.98828125,0.79296875,2.380859375,1.828125,1.3203125,330.46875,10.015625
1132,0.73828125,1.54296875,2.005859375,2.828125,0.8203125,380.46875,13.015625
1133,0.67578125,0.60546875,2.662109375,2.578125,0.9453125,417.96875,10.765625
1134,0.92578125,1.35546875,2.287109375,1.578125,1.4453125,367.96875,13.765625
1135,0.80078125,0.98046875,2.099609375,2.078125,1.1953125,342.96875,9.265625
1136,0.55078125,1.73046875,2.474609375,1.078125,0.6953125,392.96875,12.265625
1137,0.53515625,1.02734375,2.169921875,2.890625,1.2890625,364.84375,13.578125
1138,0.78515625,1.77734375,2.544921875,1.890625,0.7890625,414.84375,10.578125
1139,0.91015625,0.65234375,2.732421875,2.390625,0.5390625,389.84375,12.078125
1140,0.66015625,1.40234375,2.357421875,1.390625,1.0390625,339.84375,9.078125
1141,0.72265625,0.83984375,2.451171875,1.140625,1.1640625,352.34375,11.328125
1142,0.97265625,1.58984375,2.076171875,2.140625,0.6640625,402.34375,8.328125
1143,0.84765625,1.21484375,2.263671875,1.640625,0.9140625,377.34375,12.828125
1144,0.59765625,1.96484375,2.638671875,2.640625,1.4140625,327.34375,9.828125
1145,0.56640625,0.55859375,2.310546875,2.015625,0.8515625,346.09375,11.703125
1146,0.81640625,1.30859375,2.685546875,1.015625,1.3515625,396.09375,8.703125
1147,0.94140625,0.93359375,2.498046875,2.515625,1.1015625,421.09375,13.203125
1148,0.69140625,1.68359375,2.123046875,1.515625,0.6015625,371.09375,10.203125
1149,0.62890625,1.12109375,2.591796875,1.765625,0.7265625,333.59375,13.953125
1150,0.87890625,1.87109375,2.216796875,2.765625,1.2265625,383.59375,10.953125
1151,0.75390625,0.74609375,2.029296875,1.265625,1.4765625,408.59375,12.453125
1152,0.50390625,1.49609375,2.404296875,2.265625,0.9765625,358.59375,9.453125
1153,0.505859375,0.998046875,2.612304688,1.3828125,1.40234375,392.578125,13.1796875
1154,0.755859375,1.748046875,2.237304688,2.3828125,0.90234375,342.578125,10.1796875
1155,0.880859375,0.623046875,2.049804688,1.8828125,0.65234375,367.578125,11.6796875
1156,0.630859375,1.373046875,2.424804688,2.8828125,1.15234375,417.578125,8.6796875
1157,0.693359375,0.810546875,2.331054688,2.6328125,1.02734375,380.078125,12.4296875
1158,0.943359375,1.560546875,2.706054688,1.6328125,0.52734375,330.078125,9.4296875
1159,0.818359375,1.185546875,2.518554688,2.1328125,0.77734375,355.078125,13.9296875
1160,0.568359375,1.935546875,2.143554688,1.1328125,1.27734375,405.078125,10.9296875
1161,0.599609375,0.529296875,2.377929688,1.5078125,0.96484375,423.828125,12.0546875
1162,0.849609375,1.279296875,2.002929688,2.5078125,1.46484375,373.828125,9.0546875
1163,0.974609375,0.904296875,2.190429688,1.0078125,1.21484375,348.828125,13.5546875
1164,0.724609375,1.654296875,2.565429688,2.0078125,0.71484375,398.828125,10.5546875
1165,0.662109375,1.091796875,2.096679688,2.2578125,0.58984375,411.328125,12.8046875
1166,0.912109375,1.841796875,2.471679688,1.2578125,1.08984375,361.328125,9.8046875
1167,0.787109375,0.716796875,2.659179688,2.7578125,1.33984375,336.328125,11.3046875
1168,0.537109375,1.466796875,2.284179688,1.7578125,0.83984375,386.328125,8.3046875
1169,0.552734375,0.763671875,2.729492188,2.1953125,1.18359375,358.203125,9.9921875
1170,0.802734375,1.513671875,2.354492188,1.1953125,0.68359375,408.203125,12.9921875
1171,0.927734375,1.138671875,2.166992188,2.6953125,0.93359375,383.203125,8.4921875
1172,0.677734375,1.888671875,2.541992188,1.6953125,1.43359375,333.203125,11.4921875
1173,0.740234375,0.951171875,2.260742188,1.9453125,1.30859375,370.703125,9.2421875
1174,0.990234375,1.701171875,2.635742188,2.9453125,0.80859375,420.703125,12.2421875
1175,0.865234375,0.576171875,2.448242188,1.4453125,0.55859375,395.703125,10.7421875
1176,0.615234375,1.326171875,2.073242188,2.4453125,1.05859375,345.703125,13.7421875
1177,0.583984375,1.232421875,2.495117188,2.8203125,0.74609375,326.953125,8.8671875
1178,0.833984375,1.982421875,2.120117188,1.8203125,1.24609375,376.953125,11.8671875
1179,0.958984375,0.857421875,2.307617188,2.3203125,1.49609375,401.953125,10.3671875
1180,0.708984375,1.607421875,2.682617188,1.3203125,0.99609375,351.953125,13.3671875
1181,0.646484375,0.669921875,2.026367188,1.0703125,0.87109375,339.453125,9.6171875
1182,0.896484375,1.419921875,2.401367188,2.0703125,1.37109375,389.453125,12.6171875
1183,0.771484375,1.044921875,2.588867188,1.5703125,1.12109375,414.453125,8.1171875
1184,0.521484375,1.794921875,2.213867188,2.5703125,0.62109375,364.453125,11.1171875
1185,0.529296875,0.599609375,2.647460938,2.4765625,1.26171875,350.390625,8.3984375
1186,0.779296875,1.349609375,2.272460938,1.4765625,0.76171875,400.390625,11.3984375
1187,0.904296875,0.974609375,2.084960938,2.9765625,0.51171875,375.390625,9.8984375
1188,0.654296875,1.724609375,2.459960938,1.9765625,1.01171875,325.390625,12.8984375
1189,0.716796875,1.162109375,2.366210938,1.7265625,1.13671875,362.890625,10.6484375
1190,0.966796875,1.912109375,2.741210938,2.7265625,0.63671875,412.890625,13.6484375
1191,0.841796875,0.787109375,2.553710938,1.2265625,0.88671875,387.890625,9.1484375
1192,0.591796875,1.537109375,2.178710938,2.2265625,1.38671875,337.890625,12.1484375
1193,0.623046875,0.880859375,2.413085938,2.6015625,0.82421875,331.640625,10.2734375
1194,0.873046875,1.630859375,2.038085938,1.6015625,1.32421875,381.640625,13.2734375
1195,0.998046875,0.505859375,2.225585938,2.1015625,1.07421875,406.640625,8.7734375
1196,0.748046875,1.255859375,2.600585938,1.1015625,0.57421875,356.640625,11.7734375
1197,0.685546875,0.693359375,2.131835938,1.3515625,0.69921875,344.140625,8.0234375
1198,0.935546875,1.443359375,2.506835938,2.3515625,1.19921875,394.140625,11.0234375
1199,0.810546875,1.068359375,2.694335938,1.8515625,1.44921875,419.140625,9.5234375
1200,0.560546875,1.818359375,2.319335938,2.8515625,0.94921875,369.140625,12.5234375
1201,0.544921875,1.115234375,2.717773438,1.1640625,1.04296875,397.265625,11.5859375
1202,0.794921875,1.865234375,2.342773438,2.1640625,0.54296875,347.265625,8.5859375
1203,0.919921875,0.740234375,2.155273438,1.6640625,0.79296875,372.265625,13.0859375
1204,0.669921875,1.490234375,2.530273438,2.6640625,1.29296875,422.265625,10.0859375
1205,0.732421875,0.552734375,2.249023438,2.9140625,1.41796875,384.765625,13.8359375
1206,0.982421875,1.302734375,2.624023438,1.9140625,0.91796875,334.765625,10.8359375
1207,0.857421875,0.927734375,2.436523438,2.4140625,0.66796875,359.765625,12.3359375
1208,0.607421875,1.677734375,2.061523438,1.4140625,1.16796875,409.765625,9.3359375
1209,0.576171875,0.833984375,2.483398438,1.7890625,0.60546875,416.015625,13.4609375
1210,0.826171875,1.583984375,2.108398438,2.7890625,1.10546875,366.015625,10.4609375
1211,0.951171875,1.208984375,2.295898438,1.2890625,1.35546875,341.015625,11.9609375
1212,0.701171875,1.958984375,2.670898438,2.2890625,0.85546875,391.015625,8.9609375
1213,0.638671875,1.021484375,2.014648438,2.0390625,0.98046875,403.515625,11.2109375
1214,0.888671875,1.771484375,2.389648438,1.0390625,1.48046875,353.515625,8.2109375
1215,0.763671875,0.646484375,2.577148438,2.5390625,1.23046875,328.515625,12.7109375
1216,0.513671875,1.396484375,2.202148438,1.5390625,0.73046875,378.515625,9.7109375
1217,0.509765625,0.798828125,2.606445312,2.8046875,0.75390625,412.109375,10.7890625
1218,0.759765625,1.548828125,2.231445312,1.8046875,1.25390625,362.109375,13.7890625
1219,0.884765625,1.173828125,2.043945312,2.3046875,1.00390625,337.109375,9.2890625
1220,0.634765625,1.923828125,2.418945312,1.3046875,0.50390625,387.109375,12.2890625
1221,0.697265625,0.986328125,2.325195312,1.0546875,0.62890625,424.609375,8.5390625
1222,0.947265625,1.736328125,2.700195312,2.0546875,1.12890625,374.609375,11.5390625
1223,0.822265625,0.611328125,2.512695312,1.5546875,1.37890625,349.609375,10.0390625
1224,0.572265625,1.361328125,2.137695312,2.5546875,0.87890625,399.609375,13.0390625
1225,0.603515625,1.080078125,2.465820312,2.1796875,1.31640625,380.859375,8.1640625
1226,0.853515625,1.830078125,2.090820312,1.1796875,0.81640625,330.859375,11.1640625
1227,0.978515625,0.705078125,2.278320312,2.6796875,0.56640625,355.859375,9.6640625
1228,0.728515625,1.455078125,2.653320312,1.6796875,1.06640625,405.859375,12.6640625
1229,0.666015625,0.517578125,2.184570312,1.9296875,1.19140625,393.359375,10.4140625
1230,0.916015625,1.267578125,2.559570312,2.9296875,0.69140625,343.359375,13.4140625
1231,0.791015625,0.892578125,2.747070312,1.4296875,0.94140625,368.359375,8.9140625
1232,0.541015625,1.642578125,2.372070312,2.4296875,1.44140625,418.359375,11.9140625
1233,0.556640625,0.939453125,2.676757812,1.6171875,0.53515625,340.234375,13.9765625
1234,0.806640625,1.689453125,2.301757812,2.6171875,1.03515625,390.234375,10.9765625
1235,0.931640625,0.564453125,2.114257812,1.1171875,1.28515625,415.234375,12.4765625
1236,0.681640625,1.314453125,2.489257812,2.1171875,0.78515625,365.234375,9.4765625
1237,0.744140625,0.751953125,2.208007812,2.3671875,0.91015625,327.734375,11.7265625
1238,0.994140625,1.501953125,2.583007812,1.3671875,1.41015625,377.734375,8.7265625
1239,0.869140625,1.126953125,2.395507812,2.8671875,1.16015625,402.734375,13.2265625
1240,0.619140625,1.876953125,2.020507812,1.8671875,0.66015625,352.734375,10.2265625
1241,0.587890625,0.658203125,2.536132812,1.4921875,1.09765625,371.484375,11.3515625
1242,0.837890625,1.408203125,2.161132812,2.4921875,0.59765625,421.484375,8.3515625
1243,0.962890625,1.033203125,2.348632812,1.9921875,0.84765625,396.484375,12.8515625
1244,0.712890625,1.783203125,2.723632812,2.9921875,1.34765625,346.484375,9.8515625
1245,0.650390625,1.220703125,2.067382812,2.7421875,1.47265625,358.984375,13.6015625
1246,0.900390625,1.970703125,2.442382812,1.7421875,0.97265625,408.984375,10.6015625
1247,0.775390625,0.845703125,2.629882812,2.2421875,0.72265625,383.984375,12.1015625
1248,0.525390625,1.595703125,2.254882812,1.2421875,1.22265625,333.984375,9.1015625
1249,0.517578125,1.197265625,2.571289062,1.8359375,0.89453125,344.921875,12.3828125
1250,0.767578125,1.947265625,2.196289062,2.8359375,1.39453125,394.921875,9.3828125
1251,0.892578125,0.822265625,2.008789062,1.3359375,1.14453125,419.921875,13.8828125
1252,0.642578125,1.572265625,2.383789062,2.3359375,0.64453125,369.921875,10.8828125
1253,0.705078125,0.634765625,2.290039062,2.0859375,0.51953125,332.421875,13.1328125
1254,0.955078125,1.384765625,2.665039062,1.0859375,1.01953125,382.421875,10.1328125
1255,0.830078125,1.009765625,2.477539062,2.5859375,1.26953125,407.421875,11.6328125
1256,0.580078125,1.759765625,2.102539062,1.5859375,0.76953125,357.421875,8.6328125
1257,0.611328125,0.728515625,2.430664062,1.2109375,1.45703125,363.671875,12.7578125
1258,0.861328125,1.478515625,2.055664062,2.2109375,0.95703125,413.671875,9.7578125
1259,0.986328125,1.103515625,2.243164062,1.7109375,0.70703125,388.671875,11.2578125
1260,0.736328125,1.853515625,2.618164062,2.7109375,1.20703125,338.671875,8.2578125
1261,0.673828125,0.916015625,2.149414062,2.9609375,1.08203125,351.171875,12.0078125
1262,0.923828125,1.666015625,2.524414062,1.9609375,0.58203125,401.171875,9.0078125
1263,0.798828125,0.541015625,2.711914062,2.4609375,0.83203125,376.171875,13.5078125
1264,0.548828125,1.291015625,2.336914062,1.4609375,1.33203125,326.171875,10.5078125
1265,0.533203125,0.587890625,2.688476562,2.5234375,0.67578125,404.296875,9.1953125
1266,0.783203125,1.337890625,2.313476562,1.5234375,1.17578125,354.296875,12.1953125
1267,0.908203125,0.962890625,2.125976562,2.0234375,1.42578125,329.296875,10.6953125
1268,0.658203125,1.712890625,2.500976562,1.0234375,0.92578125,379.296875,13.6953125
1269,0.720703125,1.150390625,2.219726562,1.2734375,0.80078125,416.796875,9.9453125
1270,0.970703125,1.900390625,2.594726562,2.2734375,1.30078125,366.796875,12.9453125
1271,0.845703125,0.775390625,2.407226562,1.7734375,1.05078125,341.796875,8.4453125
1272,0.595703125,1.525390625,2.032226562,2.7734375,0.55078125,391.796875,11.4453125
1273,0.564453125,1.056640625,2.547851562,2.3984375,1.23828125,385.546875,9.5703125
1274,0.814453125,1.806640625,2.172851562,1.3984375,0.73828125,335.546875,12.5703125
1275,0.939453125,0.681640625,2.360351562,2.8984375,0.98828125,360.546875,8.0703125
1276,0.689453125,1.431640625,2.735351562,1.8984375,1.48828125,410.546875,11.0703125
1277,0.626953125,0.869140625,2.079101562,1.6484375,1.36328125,398.046875,8.8203125
1278,0.876953125,1.619140625,2.454101562,2.6484375,0.86328125,348.046875,11.8203125
1279,0.751953125,1.244140625,2.641601562,1.1484375,0.61328125,373.046875,10.3203125
1280,0.501953125,1.994140625,2.266601562,2.1484375,1.11328125,423.046875,13.3203125
1281,0.5,0.5,2,1,0.5,325,8
1282,0.75,1.25,2.375,2,1,375,11
1283,0.875,0.875,2.1875,2.5,1.25,400,9.5
1284,0.625,1.625,2.5625,1.5,0.75,350,12.5
1285,0.6875,1.0625,2.46875,2.75,0.875,337.5,10.25
1286,0.9375,1.8125,2.09375,1.75,1.375,387.5,13.25
1287,0.8125,0.6875,2.65625,1.25,1.125,412.5,8.75
1288,0.5625,1.4375,2.28125,2.25,0.625,362.5,11.75
1289,0.59375,0.96875,2.703125,2.375,1.0625,356.25,10.625
1290,0.84375,1.71875,2.328125,1.375,0.5625,406.25,13.625
1291,0.96875,0.59375,2.515625,1.875,0.8125,381.25,9.125
1292,0.71875,1.34375,2.140625,2.875,1.3125,331.25,12.125
1293,0.65625,0.78125,2.234375,1.625,1.4375,368.75,8.375
1294,0.90625,1.53125,2.609375,2.625,0.9375,418.75,11.375
1295,0.78125,1.15625,2.046875,2.125,0.6875,393.75,9.875
1296,0.53125,1.90625,2.421875,1.125,1.1875,343.75,12.875
1297,0.546875,1.203125,2.3515625,1.1875,0.78125,421.875,11.1875
1298,0.796875,1.953125,2.7265625,2.1875,1.28125,371.875,8.1875
1299,0.921875,0.828125,2.1640625,2.6875,1.03125,346.875,12.6875
1300,0.671875,1.578125,2.5390625,1.6875,0.53125,396.875,9.6875
1301,0.734375,0.640625,2.6328125,2.9375,0.65625,409.375,13.4375
1302,0.984375,1.390625,2.2578125,1.9375,1.15625,359.375,10.4375
1303,0.859375,1.015625,2.4453125,1.4375,1.40625,334.375,11.9375
1304,0.609375,1.765625,2.0703125,2.4375,0.90625,384.375,8.9375
1305,0.578125,0.734375,2.3984375,2.3125,1.34375,390.625,13.8125
1306,0.828125,1.484375,2.0234375,1.3125,0.84375,340.625,10.8125
1307,0.953125,1.109375,2.5859375,1.8125,0.59375,365.625,12.3125
1308,0.703125,1.859375,2.2109375,2.8125,1.09375,415.625,9.3125
1309,0.640625,0.921875,2.1171875,1.5625,1.21875,378.125,11.5625
1310,0.890625,1.671875,2.4921875,2.5625,0.71875,328.125,8.5625
1311,0.765625,0.546875,2.3046875,2.0625,0.96875,353.125,13.0625
1312,0.515625,1.296875,2.6796875,1.0625,1.46875,403.125,10.0625
1313,0.5234375,0.8984375,2.52734375,1.78125,0.640625,417.1875,12.78125
1314,0.7734375,1.6484375,2.15234375,2.78125,1.140625,367.1875,9.78125
1315,0.8984375,0.5234375,2.71484375,2.28125,1.390625,342.1875,11.28125
1316,0.6484375,1.2734375,2.33984375,1.28125,0.890625,392.1875,8.28125
1317,0.7109375,0.7109375,2.05859375,2.03125,0.765625,404.6875,12.03125
1318,0.9609375,1.4609375,2.43359375,1.03125,1.265625,354.6875,9.03125
1319,0.8359375,1.0859375,2.24609375,1.53125,1.015625,329.6875,13.53125
1320,0.5859375,1.8359375,2.62109375,2.53125,0.515625,379.6875,10.53125
1321,0.6171875,0.6171875,2.19921875,2.65625,1.203125,398.4375,12.40625
1322,0.8671875,1.3671875,2.57421875,1.65625,0.703125,348.4375,9.40625
1323,0.9921875,0.9921875,2.01171875,1.15625,0.953125,373.4375,13.90625
1324,0.7421875,1.7421875,2.38671875,2.15625,1.453125,423.4375,10.90625
1325,0.6796875,1.1796875,2.66796875,1.40625,1.328125,385.9375,13.15625
1326,0.9296875,1.9296875,2.29296875,2.40625,0.828125,335.9375,10.15625
1327,0.8046875,0.8046875,2.48046875,2.90625,0.578125,360.9375,11.65625
1328,0.5546875,1.5546875,2.10546875,1.90625,1.078125,410.9375,8.65625
1329,0.5390625,0.8515625,2.59765625,1.96875,0.921875,332.8125,9.59375
1330,0.7890625,1.6015625,2.22265625,2.96875,1.421875,382.8125,12.59375
1331,0.9140625,1.2265625,2.41015625,2.46875,1.171875,407.8125,8.09375
1332,0.6640625,1.9765625,2.03515625,1.46875,0.671875,357.8125,11.09375
1333,0.7265625,1.0390625,2.31640625,2.21875,0.546875,345.3125,8.84375
1334,0.9765625,1.7890625,2.69140625,1.21875,1.046875,395.3125,11.84375
1335,0.8515625,0.6640625,2.12890625,1.71875,1.296875,420.3125,10.34375
1336,0.6015625,1.4140625,2.50390625,2.71875,0.796875,370.3125,13.34375
1337,0.5703125,1.1328125,2.17578125,2.59375,1.484375,351.5625,9.21875
1338,0.8203125,1.8828125,2.55078125,1.59375,0.984375,401.5625,12.21875
1339,0.9453125,0.7578125,2.36328125,1.09375,0.734375,376.5625,10.71875
1340,0.6953125,1.5078125,2.73828125,2.09375,1.234375,326.5625,13.71875
1341,0.6328125,0.5703125,2.45703125,1.34375,1.109375,364.0625,9.96875
1342,0.8828125,1.3203125,2.08203125,2.34375,0.609375,414.0625,12.96875
1343,0.7578125,0.9453125,2.64453125,2.84375,0.859375,389.0625,8.46875
1344,0.5078125,1.6953125,2.26953125,1.84375,1.359375,339.0625,11.46875
1345,0.51171875,1.09765625,2.615234375,2.890625,1.1484375,369.53125,11.984375
1346,0.76171875,1.84765625,2.240234375,1.890625,0.6484375,419.53125,8.984375
1347,0.88671875,0.72265625,2.427734375,1.390625,0.8984375,394.53125,13.484375
1348,0.63671875,1.47265625,2.052734375,2.390625,1.3984375,344.53125,10.484375
1349,0.69921875,0.53515625,2.333984375,1.140625,1.2734375,357.03125,12.734375
1350,0.94921875,1.28515625,2.708984375,2.140625,0.7734375,407.03125,9.734375
1351,0.82421875,0.91015625,2.146484375,2.640625,0.5234375,382.03125,11.234375
1352,0.57421875,1.66015625,2.521484375,1.640625,1.0234375,332.03125,8.234375
1353,0.60546875,0.81640625,2.099609375,1.515625,0.7109375,338.28125,13.109375
1354,0.85546875,1.56640625,2.474609375,2.515625,1.2109375,388.28125,10.109375
1355,0.98046875,1.19140625,2.287109375,2.015625,1.4609375,413.28125,11.609375
1356,0.73046875,1.94140625,2.662109375,1.015625,0.9609375,363.28125,8.609375
1357,0.66796875,1.00390625,2.380859375,2.265625,0.8359375,325.78125,12.359375
1358,0.91796875,1.75390625,2.005859375,1.265625,1.3359375,375.78125,9.359375
1359,0.79296875,0.62890625,2.568359375,1.765625,1.0859375,400.78125,13.859375
1360,0.54296875,1.37890625,2.193359375,2.765625,0.5859375,350.78125,10.859375
1361,0.55859375,0.67578125,2.498046875,2.828125,1.4296875,378.90625,8.796875
1362,0.80859375,1.42578125,2.123046875,1.828125,0.9296875,328.90625,11.796875
1363,0.93359375,1.05078125,2.685546875,1.328125,0.6796875,353.90625,10.296875
1364,0.68359375,1.80078125,2.310546875,2.328125,1.1796875,403.90625,13.296875
1365,0.74609375,1.23828125,2.029296875,1.078125,1.0546875,391.40625,9.546875
1366,0.99609375,1.98828125,2.404296875,2.078125,0.5546875,341.40625,12.546875
1367,0.87109375,0.86328125,2.216796875,2.578125,0.8046875,366.40625,8.046875
1368,0.62109375,1.61328125,2.591796875,1.578125,1.3046875,416.40625,11.046875
1369,0.58984375,0.95703125,2.263671875,1.703125,0.9921875,410.15625,9.921875
1370,0.83984375,1.70703125,2.638671875,2.703125,1.4921875,360.15625,12.921875
1371,0.96484375,0.58203125,2.076171875,2.203125,1.2421875,335.15625,8.421875
1372,0.71484375,1.33203125,2.451171875,1.203125,0.7421875,385.15625,11.421875
1373,0.65234375,0.76953125,2.732421875,2.453125,0.6171875,422.65625,9.171875
1374,0.90234375,1.51953125,2.357421875,1.453125,1.1171875,372.65625,12.171875
1375,0.77734375,1.14453125,2.544921875,1.953125,1.3671875,347.65625,10.671875
1376,0.52734375,1.89453125,2.169921875,2.953125,0.8671875,397.65625,13.671875
1377,0.51953125,0.69921875,2.298828125,2.171875,1.0078125,386.71875,10.390625
1378,0.76953125,1.44921875,2.673828125,1.171875,0.5078125,336.71875,13.390625
1379,0.89453125,1.07421875,2.111328125,1.671875,0.7578125,361.71875,8.890625
1380,0.64453125,1.82421875,2.486328125,2.671875,1.2578125,411.71875,11.890625
1381,0.70703125,0.88671875,2.580078125,1.921875,1.3828125,399.21875,8.140625
1382,0.95703125,1.63671875,2.205078125,2.921875,0.8828125,349.21875,11.140625
1383,0.83203125,0.51171875,2.392578125,2.421875,0.6328125,374.21875,9.640625
1384,0.58203125,1.26171875,2.017578125,1.421875,1.1328125,424.21875,12.640625
1385,0.61328125,1.16796875,2.439453125,1.296875,0.5703125,405.46875,8.515625
1386,0.86328125,1.91796875,2.064453125,2.296875,1.0703125,355.46875,11.515625
1387,0.98828125,0.79296875,2.626953125,2.796875,1.3203125,330.46875,10.015625
1388,0.73828125,1.54296875,2.251953125,1.796875,0.8203125,380.46875,13.015625
1389,0.67578125,0.60546875,2.158203125,2.546875,0.9453125,417.96875,10.765625
1390,0.92578125,1.35546875,2.533203125,1.546875,1.4453125,367.96875,13.765625
1391,0.80078125,0.98046875,2.345703125,1.046875,1.1953125,342.96875,9.265625
1392,0.55078125,1.73046875,2.720703125,2.046875,0.6953125,392.96875,12.265625
1393,0.53515625,1.02734375,2.087890625,2.109375,1.2890625,364.84375,13.578125
1394,0.78515625,1.77734375,2.462890625,1.109375,0.7890625,414.84375,10.578125
1395,0.91015625,0.65234375,2.275390625,1.609375,0.5390625,389.84375,12.078125
1396,0.66015625,1.40234375,2.650390625,2.609375,1.0390625,339.84375,9.078125
1397,0.72265625,0.83984375,2.556640625,1.859375,1.1640625,352.34375,11.328125
1398,0.97265625,1.58984375,2.181640625,2.859375,0.6640625,402.34375,8.328125
1399,0.84765625,1.21484375,2.744140625,2.359375,0.9140625,377.34375,12.828125
1400,0.59765625,1.96484375,2.369140625,1.359375,1.4140625,327.34375,9.828125
1401,0.56640625,0.55859375,2.697265625,1.484375,0.8515625,346.09375,11.703125
1402,0.81640625,1.30859375,2.322265625,2.484375,1.3515625,396.09375,8.703125
1403,0.94140625,0.93359375,2.509765625,2.984375,1.1015625,421.09375,13.203125
1404,0.69140625,1.68359375,2.134765625,1.984375,0.6015625,371.09375,10.203125
1405,0.62890625,1.12109375,2.228515625,2.734375,0.7265625,333.59375,13.953125
1406,0.87890625,1.87109375,2.603515625,1.734375,1.2265625,383.59375,10.953125
1407,0.75390625,0.74609375,2.041015625,1.234375,1.4765625,408.59375,12.453125
1408,0.50390625,1.49609375,2.416015625,2.234375,0.9765625,358.59375,9.453125
1409,0.505859375,0.998046875,2.219726562,2.4765625,1.40234375,392.578125,13.1796875
1410,0.755859375,1.748046875,2.594726562,1.4765625,0.90234375,342.578125,10.1796875
1411,0.880859375,0.623046875,2.032226562,1.9765625,0.65234375,367.578125,11.6796875
1412,0.630859375,1.373046875,2.407226562,2.9765625,1.15234375,417.578125,8.6796875
1413,0.693359375,0.810546875,2.688476562,1.7265625,1.02734375,380.078125,12.4296875
1414,0.943359375,1.560546875,2.313476562,2.7265625,0.52734375,330.078125,9.4296875
1415,0.818359375,1.185546875,2.500976562,2.2265625,0.77734375,355.078125,13.9296875
1416,0.568359375,1.935546875,2.125976562,1.2265625,1.27734375,405.078125,10.9296875
1417,0.599609375,0.529296875,2.547851562,1.1015625,0.96484375,423.828125,12.0546875
1418,0.849609375,1.279296875,2.172851562,2.1015625,1.46484375,373.828125,9.0546875
1419,0.974609375,0.904296875,2.735351562,2.6015625,1.21484375,348.828125,13.5546875
1420,0.724609375,1.654296875,2.360351562,1.6015625,0.71484375,398.828125,10.5546875
1421,0.662109375,1.091796875,2.079101562,2.8515625,0.58984375,411.328125,12.8046875
1422,0.912109375,1.841796875,2.454101562,1.8515625,1.08984375,361.328125,9.8046875
1423,0.787109375,0.716796875,2.266601562,1.3515625,1.33984375,336.328125,11.3046875
1424,0.537109375,1.466796875,2.641601562,2.3515625,0.83984375,386.328125,8.3046875
1425,0.552734375,0.763671875,2.149414062,2.2890625,1.18359375,358.203125,9.9921875
1426,0.802734375,1.513671875,2.524414062,1.2890625,0.68359375,408.203125,12.9921875
1427,0.927734375,1.138671875,2.336914062,1.7890625,0.93359375,383.203125,8.4921875
1428,0.677734375,1.888671875,2.711914062,2.7890625,1.43359375,333.203125,11.4921875
1429,0.740234375,0.951171875,2.430664062,1.5390625,1.30859375,370.703125,9.2421875
1430,0.990234375,1.701171875,2.055664062,2.5390625,0.80859375,420.703125,12.2421875
1431,0.865234375,0.576171875,2.618164062,2.0390625,0.55859375,395.703125,10.7421875
1432,0.615234375,1.326171875,2.243164062,1.0390625,1.05859375,345.703125,13.7421875
1433,0.583984375,1.232421875,2.571289062,1.1640625,0.74609375,326.953125,8.8671875
1434,0.833984375,1.982421875,2.196289062,2.1640625,1.24609375,376.953125,11.8671875
1435,0.958984375,0.857421875,2.383789062,2.6640625,1.49609375,401.953125,10.3671875
1436,0.708984375,1.607421875,2.008789062,1.6640625,0.99609375,351.953125,13.3671875
1437,0.646484375,0.669921875,2.290039062,2.9140625,0.87109375,339.453125,9.6171875
1438,0.896484375,1.419921875,2.665039062,1.9140625,1.37109375,389.453125,12.6171875
1439,0.771484375,1.044921875,2.102539062,1.4140625,1.12109375,414.453125,8.1171875
1440,0.521484375,1.794921875,2.477539062,2.4140625,0.62109375,364.453125,11.1171875
1441,0.529296875,0.599609375,2.747070312,2.6953125,1.26171875,350.390625,8.3984375
1442,0.779296875,1.349609375,2.372070312,1.6953125,0.76171875,400.390625,11.3984375
1443,0.904296875,0.974609375,2.559570312,1.1953125,0.51171875,375.390625,9.8984375
1444,0.654296875,1.724609375,2.184570312,2.1953125,1.01171875,325.390625,12.8984375
1445,0.716796875,1.162109375,2.278320312,1.4453125,1.13671875,362.890625,10.6484375
1446,0.966796875,1.912109375,2.653320312,2.4453125,0.63671875,412.890625,13.6484375
1447,0.841796875,0.787109375,2.090820312,2.9453125,0.88671875,387.890625,9.1484375
1448,0.591796875,1.537109375,2.465820312,1.9453125,1.38671875,337.890625,12.1484375
1449,0.623046875,0.880859375,2.043945312,1.8203125,0.82421875,331.640625,10.2734375
1450,0.873046875,1.630859375,2.418945312,2.8203125,1.32421875,381.640625,13.2734375
1451,0.998046875,0.505859375,2.231445312,2.3203125,1.07421875,406.640625,8.7734375
1452,0.748046875,1.255859375,2.606445312,1.3203125,0.57421875,356.640625,11.7734375
1453,0.685546875,0.693359375,2.512695312,2.0703125,0.69921875,344.140625,8.0234375
1454,0.935546875,1.443359375,2.137695312,1.0703125,1.19921875,394.140625,11.0234375
1455,0.810546875,1.068359375,2.700195312,1.5703125,1.44921875,419.140625,9.5234375
1456,0.560546875,1.818359375,2.325195312,2.5703125,0.94921875,369.140625,12.5234375
1457,0.544921875,1.115234375,2.395507812,2.5078125,1.04296875,397.265625,11.5859375
1458,0.794921875,1.865234375,2.020507812,1.5078125,0.54296875,347.265625,8.5859375
1459,0.919921875,0.740234375,2.583007812,1.0078125,0.79296875,372.265625,13.0859375
1460,0.669921875,1.490234375,2.208007812,2.0078125,1.29296875,422.265625,10.0859375
1461,0.732421875,0.552734375,2.114257812,1.2578125,1.41796875,384.765625,13.8359375
1462,0.982421875,1.302734375,2.489257812,2.2578125,0.91796875,334.765625,10.8359375
1463,0.857421875,0.927734375,2.301757812,2.7578125,0.66796875,359.765625,12.3359375
1464,0.607421875,1.677734375,2.676757812,1.7578125,1.16796875,409.765625,9.3359375
1465,0.576171875,0.833984375,2.348632812,1.8828125,0.60546875,416.015625,13.4609375
1466,0.826171875,1.583984375,2.723632812,2.8828125,1.10546875,366.015625,10.4609375
1467,0.951171875,1.208984375,2.161132812,2.3828125,1.35546875,341.015625,11.9609375
1468,0.701171875,1.958984375,2.536132812,1.3828125,0.85546875,391.015625,8.9609375
1469,0.638671875,1.021484375,2.629882812,2.1328125,0.98046875,403.515625,11.2109375
1470,0.888671875,1.771484375,2.254882812,1.1328125,1.48046875,353.515625,8.2109375
1471,0.763671875,0.646484375,2.442382812,1.6328125,1.23046875,328.515625,12.7109375
1472,0.513671875,1.396484375,2.067382812,2.6328125,0.73046875,378.515625,9.7109375
1473,0.509765625,0.798828125,2.448242188,1.6171875,0.75390625,412.109375,10.7890625
1474,0.759765625,1.548828125,2.073242188,2.6171875,1.25390625,362.109375,13.7890625
1475,0.884765625,1.173828125,2.635742188,2.1171875,1.00390625,337.109375,9.2890625
1476,0.634765625,1.923828125,2.260742188,1.1171875,0.50390625,387.109375,12.2890625
1477,0.697265625,0.986328125,2.166992188,2.3671875,0.62890625,424.609375,8.5390625
1478,0.947265625,1.736328125,2.541992188,1.3671875,1.12890625,374.609375,11.5390625
1479,0.822265625,0.611328125,2.354492188,1.8671875,1.37890625,349.609375,10.0390625
1480,0.572265625,1.361328125,2.729492188,2.8671875,0.87890625,399.609375,13.0390625
1481,0.603515625,1.080078125,2.307617188,2.9921875,1.31640625,380.859375,8.1640625
1482,0.853515625,1.830078125,2.682617188,1.9921875,0.81640625,330.859375,11.1640625
1483,0.978515625,0.705078125,2.120117188,1.4921875,0.56640625,355.859375,9.6640625
1484,0.728515625,1.455078125,2.495117188,2.4921875,1.06640625,405.859375,12.6640625
1485,0.666015625,0.517578125,2.588867188,1.2421875,1.19140625,393.359375,10.4140625
1486,0.916015625,1.267578125,2.213867188,2.2421875,0.69140625,343.359375,13.4140625
1487,0.791015625,0.892578125,2.401367188,2.7421875,0.94140625,368.359375,8.9140625
1488,0.541015625,1.642578125,2.026367188,1.7421875,1.44140625,418.359375,11.9140625
1489,0.556640625,0.939453125,2.659179688,1.6796875,0.53515625,340.234375,13.9765625
1490,0.806640625,1.689453125,2.284179688,2.6796875,1.03515625,390.234375,10.9765625
1491,0.931640625,0.564453125,2.471679688,2.1796875,1.28515625,415.234375,12.4765625
1492,0.681640625,1.314453125,2.096679688,1.1796875,0.78515625,365.234375,9.4765625
1493,0.744140625,0.751953125,2.190429688,2.4296875,0.91015625,327.734375,11.7265625
1494,0.994140625,1.501953125,2.565429688,1.4296875,1.41015625,377.734375,8.7265625
1495,0.869140625,1.126953125,2.002929688,1.9296875,1.16015625,402.734375,13.2265625
1496,0.619140625,1.876953125,2.377929688,2.9296875,0.66015625,352.734375,10.2265625
1497,0.587890625,0.658203125,2.049804688,2.8046875,1.09765625,371.484375,11.3515625
1498,0.837890625,1.408203125,2.424804688,1.8046875,0.59765625,421.484375,8.3515625
1499,0.962890625,1.033203125,2.237304688,1.3046875,0.84765625,396.484375,12.8515625
1500,0.712890625,1.783203125,2.612304688,2.3046875,1.34765625,346.484375,9.8515625
1501,0.650390625,1.220703125,2.518554688,1.0546875,1.47265625,358.984375,13.6015625
1502,0.900390625,1.970703125,2.143554688,2.0546875,0.97265625,408.984375,10.6015625
1503,0.775390625,0.845703125,2.706054688,2.5546875,0.72265625,383.984375,12.1015625
1504,0.525390625,1.595703125,2.331054688,1.5546875,1.22265625,333.984375,9.1015625
1505,0.517578125,1.197265625,2.131835938,1.3359375,0.89453125,344.921875,12.3828125
1506,0.767578125,1.947265625,2.506835938,2.3359375,1.39453125,394.921875,9.3828125
1507,0.892578125,0.822265625,2.319335938,2.8359375,1.14453125,419.921875,13.8828125
1508,0.642578125,1.572265625,2.694335938,1.8359375,0.64453125,369.921875,10.8828125
1509,0.705078125,0.634765625,2.413085938,2.5859375,0.51953125,332.421875,13.1328125
1510,0.955078125,1.384765625,2.038085938,1.5859375,1.01953125,382.421875,10.1328125
1511,0.830078125,1.009765625,2.600585938,1.0859375,1.26953125,407.421875,11.6328125
1512,0.580078125,1.759765625,2.225585938,2.0859375,0.76953125,357.421875,8.6328125
1513,0.611328125,0.728515625,2.647460938,2.2109375,1.45703125,363.671875,12.7578125
1514,0.861328125,1.478515625,2.272460938,1.2109375,0.95703125,413.671875,9.7578125
1515,0.986328125,1.103515625,2.459960938,1.7109375,0.70703125,388.671875,11.2578125
1516,0.736328125,1.853515625,2.084960938,2.7109375,1.20703125,338.671875,8.2578125
1517,0.673828125,0.916015625,2.366210938,1.9609375,1.08203125,351.171875,12.0078125
1518,0.923828125,1.666015625,2.741210938,2.9609375,0.58203125,401.171875,9.0078125
1519,0.798828125,0.541015625,2.178710938,2.4609375,0.83203125,376.171875,13.5078125
1520,0.548828125,1.291015625,2.553710938,1.4609375,1.33203125,326.171875,10.5078125
1521,0.533203125,0.587890625,2.249023438,1.3984375,0.67578125,404.296875,9.1953125
1522,0.783203125,1.337890625,2.624023438,2.3984375,1.17578125,354.296875,12.1953125
1523,0.908203125,0.962890625,2.061523438,2.8984375,1.42578125,329.296875,10.6953125
1524,0.658203125,1.712890625,2.436523438,1.8984375,0.92578125,379.296875,13.6953125
1525,0.720703125,1.150390625,2.717773438,2.6484375,0.80078125,416.796875,9.9453125
1526,0.970703125,1.900390625,2.342773438,1.6484375,1.30078125,366.796875,12.9453125
1527,0.845703125,0.775390625,2.530273438,1.1484375,1.05078125,341.796875,8.4453125
1528,0.595703125,1.525390625,2.155273438,2.1484375,0.55078125,391.796875,11.4453125
1529,0.564453125,1.056640625,2.483398438,2.0234375,1.23828125,385.546875,9.5703125
1530,0.814453125,1.806640625,2.108398438,1.0234375,0.73828125,335.546875,12.5703125
1531,0.939453125,0.681640625,2.670898438,1.5234375,0.98828125,360.546875,8.0703125
1532,0.689453125,1.431640625,2.295898438,2.5234375,1.48828125,410.546875,11.0703125
1533,0.626953125,0.869140625,2.014648438,1.7734375,1.36328125,398.046875,8.8203125
1534,0.876953125,1.619140625,2.389648438,2.7734375,0.86328125,348.046875,11.8203125
1535,0.751953125,1.244140625,2.202148438,2.2734375,0.61328125,373.046875,10.3203125
1536,0.501953125,1.994140625,2.577148438,1.2734375,1.11328125,423.046875,13.3203125
1537,0.5,0.5,2,1,0.5,325,8
1538,0.75,1.25,2.375,2,1,375,11
1539,0.875,0.875,2.1875,1.5,1.25,400,9.5
1540,0.625,1.625,2.5625,2.5,0.75,350,12.5
1541,0.6875,1.0625,2.46875,2.75,0.875,337.5,10.25
1542,0.9375,1.8125,2.09375,1.75,1.375,387.5,13.25
1543,0.8125,0.6875,2.65625,2.25,1.125,412.5,8.75
1544,0.5625,1.4375,2.28125,1.25,0.625,362.5,11.75
1545,0.59375,0.96875,2.703125,1.875,0.5625,356.25,10.625
1546,0.84375,1.71875,2.328125,2.875,1.0625,406.25,13.625
1547,0.96875,0.59375,2.515625,1.375,1.3125,381.25,9.125
1548,0.71875,1.34375,2.140625,2.375,0.8125,331.25,12.125
1549,0.65625,0.78125,2.234375,2.125,0.9375,368.75,8.375
1550,0.90625,1.53125,2.609375,1.125,1.4375,418.75,11.375
1551,0.78125,1.15625,2.046875,2.625,1.1875,393.75,9.875
1552,0.53125,1.90625,2.421875,1.625,0.6875,343.75,12.875
1553,0.546875,1.203125,2.3515625,2.3125,0.90625,421.875,11.1875
1554,0.796875,1.953125,2.7265625,1.3125,1.40625,371.875,8.1875
1555,0.921875,0.828125,2.1640625,2.8125,1.15625,346.875,12.6875
1556,0.671875,1.578125,2.5390625,1.8125,0.65625,396.875,9.6875
1557,0.734375,0.640625,2.6328125,1.5625,0.53125,409.375,13.4375
1558,0.984375,1.390625,2.2578125,2.5625,1.03125,359.375,10.4375
1559,0.859375,1.015625,2.4453125,1.0625,1.28125,334.375,11.9375
1560,0.609375,1.765625,2.0703125,2.0625,0.78125,384.375,8.9375
1561,0.578125,0.734375,2.3984375,2.6875,0.96875,390.625,13.8125
1562,0.828125,1.484375,2.0234375,1.6875,1.46875,340.625,10.8125
1563,0.953125,1.109375,2.5859375,2.1875,1.21875,365.625,12.3125
1564,0.703125,1.859375,2.2109375,1.1875,0.71875,415.625,9.3125
1565,0.640625,0.921875,2.1171875,1.4375,0.59375,378.125,11.5625
1566,0.890625,1.671875,2.4921875,2.4375,1.09375,328.125,8.5625
1567,0.765625,0.546875,2.3046875,1.9375,1.34375,353.125,13.0625
1568,0.515625,1.296875,2.6796875,2.9375,0.84375,403.125,10.0625
1569,0.5234375,0.8984375,2.52734375,2.09375,1.453125,417.1875,12.78125
1570,0.7734375,1.6484375,2.15234375,1.09375,0.953125,367.1875,9.78125
1571,0.8984375,0.5234375,2.71484375,2.59375,0.703125,342.1875,11.28125
1572,0.6484375,1.2734375,2.33984375,1.59375,1.203125,392.1875,8.28125
1573,0.7109375,0.7109375,2.05859375,1.84375,1.078125,404.6875,12.03125
1574,0.9609375,1.4609375,2.43359375,2.84375,0.578125,354.6875,9.03125
1575,0.8359375,1.0859375,2.24609375,1.34375,0.828125,329.6875,13.53125
1576,0.5859375,1.8359375,2.62109375,2.34375,1.328125,379.6875,10.53125
1577,0.6171875,0.6171875,2.19921875,2.96875,1.390625,398.4375,12.40625
1578,0.8671875,1.3671875,2.57421875,1.96875,0.890625,348.4375,9.40625
1579,0.9921875,0.9921875,2.01171875,2.46875,0.640625,373.4375,13.90625
1580,0.7421875,1.7421875,2.38671875,1.46875,1.140625,423.4375,10.90625
1581,0.6796875,1.1796875,2.66796875,1.21875,1.015625,385.9375,13.15625
1582,0.9296875,1.9296875,2.29296875,2.21875,0.515625,335.9375,10.15625
1583,0.8046875,0.8046875,2.48046875,1.71875,0.765625,360.9375,11.65625
1584,0.5546875,1.5546875,2.10546875,2.71875,1.265625,410.9375,8.65625
1585,0.5390625,0.8515625,2.59765625,1.28125,1.109375,332.8125,9.59375
1586,0.7890625,1.6015625,2.22265625,2.28125,0.609375,382.8125,12.59375
1587,0.9140625,1.2265625,2.41015625,1.78125,0.859375,407.8125,8.09375
1588,0.6640625,1.9765625,2.03515625,2.78125,1.359375,357.8125,11.09375
1589,0.7265625,1.0390625,2.31640625,2.53125,1.484375,345.3125,8.84375
1590,0.9765625,1.7890625,2.69140625,1.53125,0.984375,395.3125,11.84375
1591,0.8515625,0.6640625,2.12890625,2.03125,0.734375,420.3125,10.34375
1592,0.6015625,1.4140625,2.50390625,1.03125,1.234375,370.3125,13.34375
1593,0.5703125,1.1328125,2.17578125,1.65625,1.046875,351.5625,9.21875
1594,0.8203125,1.8828125,2.55078125,2.65625,0.546875,401.5625,12.21875
1595,0.9453125,0.7578125,2.36328125,1.15625,0.796875,376.5625,10.71875
1596,0.6953125,1.5078125,2.73828125,2.15625,1.296875,326.5625,13.71875
1597,0.6328125,0.5703125,2.45703125,2.40625,1.421875,364.0625,9.96875
1598,0.8828125,1.3203125,2.08203125,1.40625,0.921875,414.0625,12.96875
1599,0.7578125,0.9453125,2.64453125,2.90625,0.671875,389.0625,8.46875
1600,0.5078125,1.6953125,2.26953125,1.90625,1.171875,339.0625,11.46875
1601,0.51171875,1.09765625,2.615234375,2.671875,0.7265625,369.53125,11.984375
1602,0.76171875,1.84765625,2.240234375,1.671875,1.2265625,419.53125,8.984375
1603,0.88671875,0.72265625,2.427734375,2.171875,1.4765625,394.53125,13.484375
1604,0.63671875,1.47265625,2.052734375,1.171875,0.9765625,344.53125,10.484375
1605,0.69921875,0.53515625,2.333984375,1.421875,0.8515625,357.03125,12.734375
1606,0.94921875,1.28515625,2.708984375,2.421875,1.3515625,407.03125,9.734375
1607,0.82421875,0.91015625,2.146484375,1.921875,1.1015625,382.03125,11.234375
1608,0.57421875,1.66015625,2.521484375,2.921875,0.6015625,332.03125,8.234375
1609,0.60546875,0.81640625,2.099609375,2.296875,0.6640625,338.28125,13.109375
1610,0.85546875,1.56640625,2.474609375,1.296875,1.1640625,388.28125,10.109375
1611,0.98046875,1.19140625,2.287109375,2.796875,1.4140625,413.28125,11.609375
1612,0.73046875,1.94140625,2.662109375,1.796875,0.9140625,363.28125,8.609375
1613,0.66796875,1.00390625,2.380859375,1.546875,0.7890625,325.78125,12.359375
1614,0.91796875,1.75390625,2.005859375,2.546875,1.2890625,375.78125,9.359375
1615,0.79296875,0.62890625,2.568359375,1.046875,1.0390625,400.78125,13.859375
1616,0.54296875,1.37890625,2.193359375,2.046875,0.5390625,350.78125,10.859375
1617,0.55859375,0.67578125,2.498046875,1.984375,0.8203125,378.90625,8.796875
1618,0.80859375,1.42578125,2.123046875,2.984375,1.3203125,328.90625,11.796875
1619,0.93359375,1.05078125,2.685546875,1.484375,1.0703125,353.90625,10.296875
1620,0.68359375,1.80078125,2.310546875,2.484375,0.5703125,403.90625,13.296875
1621,0.74609375,1.23828125,2.029296875,2.234375,0.6953125,391.40625,9.546875
1622,0.99609375,1.98828125,2.404296875,1.234375,1.1953125,341.40625,12.546875
1623,0.87109375,0.86328125,2.216796875,2.734375,1.4453125,366.40625,8.046875
1624,0.62109375,1.61328125,2.591796875,1.734375,0.9453125,416.40625,11.046875
1625,0.58984375,0.95703125,2.263671875,1.109375,0.7578125,410.15625,9.921875
1626,0.83984375,1.70703125,2.638671875,2.109375,1.2578125,360.15625,12.921875
1627,0.96484375,0.58203125,2.076171875,1.609375,1.0078125,335.15625,8.421875
1628,0.71484375,1.33203125,2.451171875,2.609375,0.5078125,385.15625,11.421875
1629,0.65234375,0.76953125,2.732421875,2.859375,0.6328125,422.65625,9.171875
1630,0.90234375,1.51953125,2.357421875,1.859375,1.1328125,372.65625,12.171875
1631,0.77734375,1.14453125,2.544921875,2.359375,1.3828125,347.65625,10.671875
1632,0.52734375,1.89453125,2.169921875,1.359375,0.8828125,397.65625,13.671875
1633,0.51953125,0.69921875,2.298828125,1.703125,1.3046875,386.71875,10.390625
1634,0.76953125,1.44921875,2.673828125,2.703125,0.8046875,336.71875,13.390625
1635,0.89453125,1.07421875,2.111328125,1.203125,0.5546875,361.71875,8.890625
1636,0.64453125,1.82421875,2.486328125,2.203125,1.0546875,411.71875,11.890625
1637,0.70703125,0.88671875,2.580078125,2.453125,1.1796875,399.21875,8.140625
1638,0.95703125,1.63671875,2.205078125,1.453125,0.6796875,349.21875,11.140625
1639,0.83203125,0.51171875,2.392578125,2.953125,0.9296875,374.21875,9.640625
1640,0.58203125,1.26171875,2.017578125,1.953125,1.4296875,424.21875,12.640625
1641,0.61328125,1.16796875,2.439453125,1.328125,1.3671875,405.46875,8.515625
1642,0.86328125,1.91796875,2.064453125,2.328125,0.8671875,355.46875,11.515625
1643,0.98828125,0.79296875,2.626953125,1.828125,0.6171875,330.46875,10.015625
1644,0.73828125,1.54296875,2.251953125,2.828125,1.1171875,380.46875,13.015625
1645,0.67578125,0.60546875,2.158203125,2.578125,1.2421875,417.96875,10.765625
1646,0.92578125,1.35546875,2.533203125,1.578125,0.7421875,367.96875,13.765625
1647,0.80078125,0.98046875,2.345703125,2.078125,0.9921875,342.96875,9.265625
1648,0.55078125,1.73046875,2.720703125,1.078125,1.4921875,392.96875,12.265625
1649,0.53515625,1.02734375,2.087890625,2.890625,1.1484375,364.84375,13.578125
1650,0.78515625,1.77734375,2.462890625,1.890625,0.6484375,414.84375,10.578125
1651,0.91015625,0.65234375,2.275390625,2.390625,0.8984375,389.84375,12.078125
1652,0.66015625,1.40234375,2.650390625,1.390625,1.3984375,339.84375,9.078125
1653,0.72265625,0.83984375,2.556640625,1.140625,1.2734375,352.34375,11.328125
1654,0.97265625,1.58984375,2.181640625,2.140625,0.7734375,402.34375,8.328125
1655,0.84765625,1.21484375,2.744140625,1.640625,0.5234375,377.34375,12.828125
1656,0.59765625,1.96484375,2.369140625,2.640625,1.0234375,327.34375,9.828125
1657,0.56640625,0.55859375,2.697265625,2.015625,1.2109375,346.09375,11.703125
1658,0.81640625,1.30859375,2.322265625,1.015625,0.7109375,396.09375,8.703125
1659,0.94140625,0.93359375,2.509765625,2.515625,0.9609375,421.09375,13.203125
1660,0.69140625,1.68359375,2.134765625,1.515625,1.4609375,371.09375,10.203125
1661,0.62890625,1.12109375,2.228515625,1.765625,1.3359375,333.59375,13.953125
1662,0.87890625,1.87109375,2.603515625,2.765625,0.8359375,383.59375,10.953125
1663,0.75390625,0.74609375,2.041015625,1.265625,0.5859375,408.59375,12.453125
1664,0.50390625,1.49609375,2.416015625,2.265625,1.0859375,358.59375,9.453125
1665,0.505859375,0.998046875,2.219726562,1.3828125,1.23828125,392.578125,13.1796875
1666,0.755859375,1.748046875,2.594726562,2.3828125,0.73828125,342.578125,10.1796875
1667,0.880859375,0.623046875,2.032226562,1.8828125,0.98828125,367.578125,11.6796875
1668,0.630859375,1.373046875,2.407226562,2.8828125,1.48828125,417.578125,8.6796875
1669,0.693359375,0.810546875,2.688476562,2.6328125,1.36328125,380.078125,12.4296875
1670,0.943359375,1.560546875,2.313476562,1.6328125,0.86328125,330.078125,9.4296875
1671,0.818359375,1.185546875,2.500976562,2.1328125,0.61328125,355.078125,13.9296875
1672,0.568359375,1.935546875,2.125976562,1.1328125,1.11328125,405.078125,10.9296875
1673,0.599609375,0.529296875,2.547851562,1.5078125,1.17578125,423.828125,12.0546875
1674,0.849609375,1.279296875,2.172851562,2.5078125,0.67578125,373.828125,9.0546875
1675,0.974609375,0.904296875,2.735351562,1.0078125,0.92578125,348.828125,13.5546875
1676,0.724609375,1.654296875,2.360351562,2.0078125,1.42578125,398.828125,10.5546875
1677,0.662109375,1.091796875,2.079101562,2.2578125,1.30078125,411.328125,12.8046875
1678,0.912109375,1.841796875,2.454101562,1.2578125,0.80078125,361.328125,9.8046875
1679,0.787109375,0.716796875,2.266601562,2.7578125,0.55078125,336.328125,11.3046875
1680,0.537109375,1.466796875,2.641601562,1.7578125,1.05078125,386.328125,8.3046875
1681,0.552734375,0.763671875,2.149414062,2.1953125,1.33203125,358.203125,9.9921875
1682,0.802734375,1.513671875,2.524414062,1.1953125,0.83203125,408.203125,12.9921875
1683,0.927734375,1.138671875,2.336914062,2.6953125,0.58203125,383.203125,8.4921875
1684,0.677734375,1.888671875,2.711914062,1.6953125,1.08203125,333.203125,11.4921875
1685,0.740234375,0.951171875,2.430664062,1.9453125,1.20703125,370.703125,9.2421875
1686,0.990234375,1.701171875,2.055664062,2.9453125,0.70703125,420.703125,12.2421875
1687,0.865234375,0.576171875,2.618164062,1.4453125,0.95703125,395.703125,10.7421875
1688,0.615234375,1.326171875,2.243164062,2.4453125,1.45703125,345.703125,13.7421875
1689,0.583984375,1.232421875,2.571289062,2.8203125,1.26953125,326.953125,8.8671875
1690,0.833984375,1.982421875,2.196289062,1.8203125,0.76953125,376.953125,11.8671875
1691,0.958984375,0.857421875,2.383789062,2.3203125,0.51953125,401.953125,10.3671875
1692,0.708984375,1.607421875,2.008789062,1.3203125,1.01953125,351.953125,13.3671875
1693,0.646484375,0.669921875,2.290039062,1.0703125,1.14453125,339.453125,9.6171875
1694,0.896484375,1.419921875,2.665039062,2.0703125,0.64453125,389.453125,12.6171875
1695,0.771484375,1.044921875,2.102539062,1.5703125,0.89453125,414.453125,8.1171875
1696,0.521484375,1.794921875,2.477539062,2.5703125,1.39453125,364.453125,11.1171875
1697,0.529296875,0.599609375,2.747070312,2.4765625,0.78515625,350.390625,8.3984375
1698,0.779296875,1.349609375,2.372070312,1.4765625,1.28515625,400.390625,11.3984375
1699,0.904296875,0.974609375,2.559570312,2.9765625,1.03515625,375.390625,9.8984375
1700,0.654296875,1.724609375,2.184570312,1.9765625,0.53515625,325.390625,12.8984375
1701,0.716796875,1.162109375,2.278320312,1.7265625,0.66015625,362.890625,10.6484375
1702,0.966796875,1.912109375,2.653320312,2.7265625,1.16015625,412.890625,13.6484375
1703,0.841796875,0.787109375,2.090820312,1.2265625,1.41015625,387.890625,9.1484375
1704,0.591796875,1.537109375,2.465820312,2.2265625,0.91015625,337.890625,12.1484375
1705,0.623046875,0.880859375,2.043945312,2.6015625,0.84765625,331.640625,10.2734375
1706,0.873046875,1.630859375,2.418945312,1.6015625,1.34765625,381.640625,13.2734375
1707,0.998046875,0.505859375,2.231445312,2.1015625,1.09765625,406.640625,8.7734375
1708,0.748046875,1.255859375,2.606445312,1.1015625,0.59765625,356.640625,11.7734375
1709,0.685546875,0.693359375,2.512695312,1.3515625,0.72265625,344.140625,8.0234375
1710,0.935546875,1.443359375,2.137695312,2.3515625,1.22265625,394.140625,11.0234375
1711,0.810546875,1.068359375,2.700195312,1.8515625,1.47265625,419.140625,9.5234375
1712,0.560546875,1.818359375,2.325195312,2.8515625,0.97265625,369.140625,12.5234375
1713,0.544921875,1.115234375,2.395507812,1.1640625,0.62890625,397.265625,11.5859375
1714,0.794921875,1.865234375,2.020507812,2.1640625,1.12890625,347.265625,8.5859375
1715,0.919921875,0.740234375,2.583007812,1.6640625,1.37890625,372.265625,13.0859375
1716,0.669921875,1.490234375,2.208007812,2.6640625,0.87890625,422.265625,10.0859375
1717,0.732421875,0.552734375,2.114257812,2.9140625,0.75390625,384.765625,13.8359375
1718,0.982421875,1.302734375,2.489257812,1.9140625,1.25390625,334.765625,10.8359375
1719,0.857421875,0.927734375,2.301757812,2.4140625,1.00390625,359.765625,12.3359375
1720,0.607421875,1.677734375,2.676757812,1.4140625,0.50390625,409.765625,9.3359375
1721,0.576171875,0.833984375,2.348632812,1.7890625,0.69140625,416.015625,13.4609375
1722,0.826171875,1.583984375,2.723632812,2.7890625,1.19140625,366.015625,10.4609375
1723,0.951171875,1.208984375,2.161132812,1.2890625,1.44140625,341.015625,11.9609375
1724,0.701171875,1.958984375,2.536132812,2.2890625,0.94140625,391.015625,8.9609375
1725,0.638671875,1.021484375,2.629882812,2.0390625,0.81640625,403.515625,11.2109375
1726,0.888671875,1.771484375,2.254882812,1.0390625,1.31640625,353.515625,8.2109375
1727,0.763671875,0.646484375,2.442382812,2.5390625,1.06640625,328.515625,12.7109375
1728,0.513671875,1.396484375,2.067382812,1.5390625,0.56640625,378.515625,9.7109375
1729,0.509765625,0.798828125,2.448242188,2.8046875,1.02734375,412.109375,10.7890625
1730,0.759765625,1.548828125,2.073242188,1.8046875,0.52734375,362.109375,13.7890625
1731,0.884765625,1.173828125,2.635742188,2.3046875,0.77734375,337.109375,9.2890625
1732,0.634765625,1.923828125,2.260742188,1.3046875,1.27734375,387.109375,12.2890625
1733,0.697265625,0.986328125,2.166992188,1.0546875,1.40234375,424.609375,8.5390625
1734,0.947265625,1.736328125,2.541992188,2.0546875,0.90234375,374.609375,11.5390625
1735,0.822265625,0.611328125,2.354492188,1.5546875,0.65234375,349.609375,10.0390625
1736,0.572265625,1.361328125,2.729492188,2.5546875,1.15234375,399.609375,13.0390625
1737,0.603515625,1.080078125,2.307617188,2.1796875,1.08984375,380.859375,8.1640625
1738,0.853515625,1.830078125,2.682617188,1.1796875,0.58984375,330.859375,11.1640625
1739,0.978515625,0.705078125,2.120117188,2.6796875,0.83984375,355.859375,9.6640625
1740,0.728515625,1.455078125,2.495117188,1.6796875,1.33984375,405.859375,12.6640625
1741,0.666015625,0.517578125,2.588867188,1.9296875,1.46484375,393.359375,10.4140625
1742,0.916015625,1.267578125,2.213867188,2.9296875,0.96484375,343.359375,13.4140625
1743,0.791015625,0.892578125,2.401367188,1.4296875,0.71484375,368.359375,8.9140625
1744,0.541015625,1.642578125,2.026367188,2.4296875,1.21484375,418.359375,11.9140625
1745,0.556640625,0.939453125,2.659179688,1.6171875,1.43359375,340.234375,13.9765625
1746,0.806640625,1.689453125,2.284179688,2.6171875,0.93359375,390.234375,10.9765625
1747,0.931640625,0.564453125,2.471679688,1.1171875,0.68359375,415.234375,12.4765625
1748,0.681640625,1.314453125,2.096679688,2.1171875,1.18359375,365.234375,9.4765625
1749,0.744140625,0.751953125,2.190429688,2.3671875,1.05859375,327.734375,11.7265625
1750,0.994140625,1.501953125,2.565429688,1.3671875,0.55859375,377.734375,8.7265625
1751,0.869140625,1.126953125,2.002929688,2.8671875,0.80859375,402.734375,13.2265625
1752,0.619140625,1.876953125,2.377929688,1.8671875,1.30859375,352.734375,10.2265625
1753,0.587890625,0.658203125,2.049804688,1.4921875,1.49609375,371.484375,11.3515625
1754,0.837890625,1.408203125,2.424804688,2.4921875,0.99609375,421.484375,8.3515625
1755,0.962890625,1.033203125,2.237304688,1.9921875,0.74609375,396.484375,12.8515625
1756,0.712890625,1.783203125,2.612304688,2.9921875,1.24609375,346.484375,9.8515625
1757,0.650390625,1.220703125,2.518554688,2.7421875,1.12109375,358.984375,13.6015625
1758,0.900390625,1.970703125,2.143554688,1.7421875,0.62109375,408.984375,10.6015625
1759,0.775390625,0.845703125,2.706054688,2.2421875,0.87109375,383.984375,12.1015625
1760,0.525390625,1.595703125,2.331054688,1.2421875,1.37109375,333.984375,9.1015625
1761,0.517578125,1.197265625,2.131835938,1.8359375,0.94921875,344.921875,12.3828125
1762,0.767578125,1.947265625,2.506835938,2.8359375,1.44921875,394.921875,9.3828125
1763,0.892578125,0.822265625,2.319335938,1.3359375,1.19921875,419.921875,13.8828125
1764,0.642578125,1.572265625,2.694335938,2.3359375,0.69921875,369.921875,10.8828125
1765,0.705078125,0.634765625,2.413085938,2.0859375,0.57421875,332.421875,13.1328125
1766,0.955078125,1.384765625,2.038085938,1.0859375,1.07421875,382.421875,10.1328125
1767,0.830078125,1.009765625,2.600585938,2.5859375,1.32421875,407.421875,11.6328125
1768,0.580078125,1.759765625,2.225585938,1.5859375,0.82421875,357.421875,8.6328125
1769,0.611328125,0.728515625,2.647460938,1.2109375,0.88671875,363.671875,12.7578125
1770,0.861328125,1.478515625,2.272460938,2.2109375,1.38671875,413.671875,9.7578125
1771,0.986328125,1.103515625,2.459960938,1.7109375,1.13671875,388.671875,11.2578125
1772,0.736328125,1.853515625,2.084960938,2.7109375,0.63671875,338.671875,8.2578125
1773,0.673828125,0.916015625,2.366210938,2.9609375,0.51171875,351.171875,12.0078125
1774,0.923828125,1.666015625,2.741210938,1.9609375,1.01171875,401.171875,9.0078125
1775,0.798828125,0.541015625,2.178710938,2.4609375,1.26171875,376.171875,13.5078125
1776,0.548828125,1.291015625,2.553710938,1.4609375,0.76171875,326.171875,10.5078125
1777,0.533203125,0.587890625,2.249023438,2.5234375,0.60546875,404.296875,9.1953125
1778,0.783203125,1.337890625,2.624023438,1.5234375,1.10546875,354.296875,12.1953125
1779,0.908203125,0.962890625,2.061523438,2.0234375,1.35546875,329.296875,10.6953125
1780,0.658203125,1.712890625,2.436523438,1.0234375,0.85546875,379.296875,13.6953125
1781,0.720703125,1.150390625,2.717773438,1.2734375,0.98046875,416.796875,9.9453125
1782,0.970703125,1.900390625,2.342773438,2.2734375,1.48046875,366.796875,12.9453125
1783,0.845703125,0.775390625,2.530273438,1.7734375,1.23046875,341.796875,8.4453125
1784,0.595703125,1.525390625,2.155273438,2.7734375,0.73046875,391.796875,11.4453125
1785,0.564453125,1.056640625,2.483398438,2.3984375,0.54296875,385.546875,9.5703125
1786,0.814453125,1.806640625,2.108398438,1.3984375,1.04296875,335.546875,12.5703125
1787,0.939453125,0.681640625,2.670898438,2.8984375,1.29296875,360.546875,8.0703125
1788,0.689453125,1.431640625,2.295898438,1.8984375,0.79296875,410.546875,11.0703125
1789,0.626953125,0.869140625,2.014648438,1.6484375,0.91796875,398.046875,8.8203125
1790,0.876953125,1.619140625,2.389648438,2.6484375,1.41796875,348.046875,11.8203125
1791,0.751953125,1.244140625,2.202148438,1.1484375,1.16796875,373.046875,10.3203125
1792,0.501953125,1.994140625,2.577148438,2.1484375,0.66796875,423.046875,13.3203125
1793,0.5,0.5,2,1,0.5,325,8
1794,0.75,1.25,2.375,2,1,375,11
1795,0.875,0.875,2.1875,1.5,1.25,350,9.5
1796,0.625,1.625,2.5625,2.5,0.75,400,12.5
1797,0.6875,1.0625,2.46875,2.75,0.875,362.5,10.25
1798,0.9375,1.8125,2.09375,1.75,1.375,412.5,13.25
1799,0.8125,0.6875,2.65625,2.25,1.125,337.5,8.75
1800,0.5625,1.4375,2.28125,1.25,0.625,387.5,11.75
1801,0.59375,0.96875,2.703125,1.875,1.0625,418.75,10.625
1802,0.84375,1.71875,2.328125,2.875,0.5625,368.75,13.625
1803,0.96875,0.59375,2.515625,1.375,0.8125,393.75,9.125
1804,0.71875,1.34375,2.140625,2.375,1.3125,343.75,12.125
1805,0.65625,0.78125,2.234375,2.125,1.4375,381.25,8.375
1806,0.90625,1.53125,2.609375,1.125,0.9375,331.25,11.375
1807,0.78125,1.15625,2.046875,2.625,0.6875,406.25,9.875
1808,0.53125,1.90625,2.421875,1.625,1.1875,356.25,12.875
1809,0.546875,1.203125,2.3515625,2.3125,0.78125,390.625,11.1875
1810,0.796875,1.953125,2.7265625,1.3125,1.28125,340.625,8.1875
1811,0.921875,0.828125,2.1640625,2.8125,1.03125,415.625,12.6875
1812,0.671875,1.578125,2.5390625,1.8125,0.53125,365.625,9.6875
1813,0.734375,0.640625,2.6328125,1.5625,0.65625,403.125,13.4375
1814,0.984375,1.390625,2.2578125,2.5625,1.15625,353.125,10.4375
1815,0.859375,1.015625,2.4453125,1.0625,1.40625,378.125,11.9375
1816,0.609375,1.765625,2.0703125,2.0625,0.90625,328.125,8.9375
1817,0.578125,0.734375,2.3984375,2.6875,1.34375,359.375,13.8125
1818,0.828125,1.484375,2.0234375,1.6875,0.84375,409.375,10.8125
1819,0.953125,1.109375,2.5859375,2.1875,0.59375,334.375,12.3125
1820,0.703125,1.859375,2.2109375,1.1875,1.09375,384.375,9.3125
1821,0.640625,0.921875,2.1171875,1.4375,1.21875,346.875,11.5625
1822,0.890625,1.671875,2.4921875,2.4375,0.71875,396.875,8.5625
1823,0.765625,0.546875,2.3046875,1.9375,0.96875,371.875,13.0625
1824,0.515625,1.296875,2.6796875,2.9375,1.46875,421.875,10.0625
1825,0.5234375,0.8984375,2.52734375,2.09375,0.640625,370.3125,12.78125
1826,0.7734375,1.6484375,2.15234375,1.09375,1.140625,420.3125,9.78125
1827,0.8984375,0.5234375,2.71484375,2.59375,1.390625,345.3125,11.28125
1828,0.6484375,1.2734375,2.33984375,1.59375,0.890625,395.3125,8.28125
1829,0.7109375,0.7109375,2.05859375,1.84375,0.765625,332.8125,12.03125
1830,0.9609375,1.4609375,2.43359375,2.84375,1.265625,382.8125,9.03125
1831,0.8359375,1.0859375,2.24609375,1.34375,1.015625,357.8125,13.53125
1832,0.5859375,1.8359375,2.62109375,2.34375,0.515625,407.8125,10.53125
1833,0.6171875,0.6171875,2.19921875,2.96875,1.203125,376.5625,12.40625
1834,0.8671875,1.3671875,2.57421875,1.96875,0.703125,326.5625,9.40625
1835,0.9921875,0.9921875,2.01171875,2.46875,0.953125,401.5625,13.90625
1836,0.7421875,1.7421875,2.38671875,1.46875,1.453125,351.5625,10.90625
1837,0.6796875,1.1796875,2.66796875,1.21875,1.328125,414.0625,13.15625
1838,0.9296875,1.9296875,2.29296875,2.21875,0.828125,364.0625,10.15625
1839,0.8046875,0.8046875,2.48046875,1.71875,0.578125,389.0625,11.65625
1840,0.5546875,1.5546875,2.10546875,2.71875,1.078125,339.0625,8.65625
1841,0.5390625,0.8515625,2.59765625,1.28125,0.921875,410.9375,9.59375
1842,0.7890625,1.6015625,2.22265625,2.28125,1.421875,360.9375,12.59375
1843,0.9140625,1.2265625,2.41015625,1.78125,1.171875,385.9375,8.09375
1844,0.6640625,1.9765625,2.03515625,2.78125,0.671875,335.9375,11.09375
1845,0.7265625,1.0390625,2.31640625,2.53125,0.546875,398.4375,8.84375
1846,0.9765625,1.7890625,2.69140625,1.53125,1.046875,348.4375,11.84375
1847,0.8515625,0.6640625,2.12890625,2.03125,1.296875,423.4375,10.34375
1848,0.6015625,1.4140625,2.50390625,1.03125,0.796875,373.4375,13.34375
1849,0.5703125,1.1328125,2.17578125,1.65625,1.484375,342.1875,9.21875
1850,0.8203125,1.8828125,2.55078125,2.65625,0.984375,392.1875,12.21875
1851,0.9453125,0.7578125,2.36328125,1.15625,0.734375,367.1875,10.71875
1852,0.6953125,1.5078125,2.73828125,2.15625,1.234375,417.1875,13.71875
1853,0.6328125,0.5703125,2.45703125,2.40625,1.109375,354.6875,9.96875
1854,0.8828125,1.3203125,2.08203125,1.40625,0.609375,404.6875,12.96875
1855,0.7578125,0.9453125,2.64453125,2.90625,0.859375,329.6875,8.46875
1856,0.5078125,1.6953125,2.26953125,1.90625,1.359375,379.6875,11.46875
1857,0.51171875,1.09765625,2.615234375,2.671875,1.1484375,367.96875,11.984375
1858,0.76171875,1.84765625,2.240234375,1.671875,0.6484375,417.96875,8.984375
1859,0.88671875,0.72265625,2.427734375,2.171875,0.8984375,342.96875,13.484375
1860,0.63671875,1.47265625,2.052734375,1.171875,1.3984375,392.96875,10.484375
1861,0.69921875,0.53515625,2.333984375,1.421875,1.2734375,330.46875,12.734375
1862,0.94921875,1.28515625,2.708984375,2.421875,0.7734375,380.46875,9.734375
1863,0.82421875,0.91015625,2.146484375,1.921875,0.5234375,355.46875,11.234375
1864,0.57421875,1.66015625,2.521484375,2.921875,1.0234375,405.46875,8.234375
1865,0.60546875,0.81640625,2.099609375,2.296875,0.7109375,386.71875,13.109375
1866,0.85546875,1.56640625,2.474609375,1.296875,1.2109375,336.71875,10.109375
1867,0.98046875,1.19140625,2.287109375,2.796875,1.4609375,411.71875,11.609375
1868,0.73046875,1.94140625,2.662109375,1.796875,0.9609375,361.71875,8.609375
1869,0.66796875,1.00390625,2.380859375,1.546875,0.8359375,424.21875,12.359375
1870,0.91796875,1.75390625,2.005859375,2.546875,1.3359375,374.21875,9.359375
1871,0.79296875,0.62890625,2.568359375,1.046875,1.0859375,399.21875,13.859375
1872,0.54296875,1.37890625,2.193359375,2.046875,0.5859375,349.21875,10.859375
1873,0.55859375,0.67578125,2.498046875,1.984375,1.4296875,402.34375,8.796875
1874,0.80859375,1.42578125,2.123046875,2.984375,0.9296875,352.34375,11.796875
1875,0.93359375,1.05078125,2.685546875,1.484375,0.6796875,377.34375,10.296875
1876,0.68359375,1.80078125,2.310546875,2.484375,1.1796875,327.34375,13.296875
1877,0.74609375,1.23828125,2.029296875,2.234375,1.0546875,389.84375,9.546875
1878,0.99609375,1.98828125,2.404296875,1.234375,0.5546875,339.84375,12.546875
1879,0.87109375,0.86328125,2.216796875,2.734375,0.8046875,414.84375,8.046875
1880,0.62109375,1.61328125,2.591796875,1.734375,1.3046875,364.84375,11.046875
1881,0.58984375,0.95703125,2.263671875,1.109375,0.9921875,346.09375,9.921875
1882,0.83984375,1.70703125,2.638671875,2.109375,1.4921875,396.09375,12.921875
1883,0.96484375,0.58203125,2.076171875,1.609375,1.2421875,371.09375,8.421875
1884,0.71484375,1.33203125,2.451171875,2.609375,0.7421875,421.09375,11.421875
1885,0.65234375,0.76953125,2.732421875,2.859375,0.6171875,358.59375,9.171875
1886,0.90234375,1.51953125,2.357421875,1.859375,1.1171875,408.59375,12.171875
1887,0.77734375,1.14453125,2.544921875,2.359375,1.3671875,333.59375,10.671875
1888,0.52734375,1.89453125,2.169921875,1.359375,0.8671875,383.59375,13.671875
1889,0.51953125,0.69921875,2.298828125,1.703125,1.0078125,335.15625,10.390625
1890,0.76953125,1.44921875,2.673828125,2.703125,0.5078125,385.15625,13.390625
1891,0.89453125,1.07421875,2.111328125,1.203125,0.7578125,360.15625,8.890625
1892,0.64453125,1.82421875,2.486328125,2.203125,1.2578125,410.15625,11.890625
1893,0.70703125,0.88671875,2.580078125,2.453125,1.3828125,372.65625,8.140625
1894,0.95703125,1.63671875,2.205078125,1.453125,0.8828125,422.65625,11.140625
1895,0.83203125,0.51171875,2.392578125,2.953125,0.6328125,347.65625,9.640625
1896,0.58203125,1.26171875,2.017578125,1.953125,1.1328125,397.65625,12.640625
1897,0.61328125,1.16796875,2.439453125,1.328125,0.5703125,416.40625,8.515625
1898,0.86328125,1.91796875,2.064453125,2.328125,1.0703125,366.40625,11.515625
1899,0.98828125,0.79296875,2.626953125,1.828125,1.3203125,391.40625,10.015625
1900,0.73828125,1.54296875,2.251953125,2.828125,0.8203125,341.40625,13.015625
1901,0.67578125,0.60546875,2.158203125,2.578125,0.9453125,378.90625,10.765625
1902,0.92578125,1.35546875,2.533203125,1.578125,1.4453125,328.90625,13.765625
1903,0.80078125,0.98046875,2.345703125,2.078125,1.1953125,403.90625,9.265625
1904,0.55078125,1.73046875,2.720703125,1.078125,0.6953125,353.90625,12.265625
1905,0.53515625,1.02734375,2.087890625,2.890625,1.2890625,394.53125,13.578125
1906,0.78515625,1.77734375,2.462890625,1.890625,0.7890625,344.53125,10.578125
1907,0.91015625,0.65234375,2.275390625,2.390625,0.5390625,419.53125,12.078125
1908,0.66015625,1.40234375,2.650390625,1.390625,1.0390625,369.53125,9.078125
1909,0.72265625,0.83984375,2.556640625,1.140625,1.1640625,407.03125,11.328125
1910,0.97265625,1.58984375,2.181640625,2.140625,0.6640625,357.03125,8.328125
1911,0.84765625,1.21484375,2.744140625,1.640625,0.9140625,382.03125,12.828125
1912,0.59765625,1.96484375,2.369140625,2.640625,1.4140625,332.03125,9.828125
1913,0.56640625,0.55859375,2.697265625,2.015625,0.8515625,350.78125,11.703125
1914,0.81640625,1.30859375,2.322265625,1.015625,1.3515625,400.78125,8.703125
1915,0.94140625,0.93359375,2.509765625,2.515625,1.1015625,325.78125,13.203125
1916,0.69140625,1.68359375,2.134765625,1.515625,0.6015625,375.78125,10.203125
1917,0.62890625,1.12109375,2.228515625,1.765625,0.7265625,338.28125,13.953125
1918,0.87890625,1.87109375,2.603515625,2.765625,1.2265625,388.28125,10.953125
1919,0.75390625,0.74609375,2.041015625,1.265625,1.4765625,363.28125,12.453125
1920,0.50390625,1.49609375,2.416015625,2.265625,0.9765625,413.28125,9.453125
1921,0.505859375,0.998046875,2.219726562,1.3828125,1.40234375,406.640625,13.1796875
1922,0.755859375,1.748046875,2.594726562,2.3828125,0.90234375,356.640625,10.1796875
1923,0.880859375,0.623046875,2.032226562,1.8828125,0.65234375,381.640625,11.6796875
1924,0.630859375,1.373046875,2.407226562,2.8828125,1.15234375,331.640625,8.6796875
1925,0.693359375,0.810546875,2.688476562,2.6328125,1.02734375,394.140625,12.4296875
1926,0.943359375,1.560546875,2.313476562,1.6328125,0.52734375,344.140625,9.4296875
1927,0.818359375,1.185546875,2.500976562,2.1328125,0.77734375,419.140625,13.9296875
1928,0.568359375,1.935546875,2.125976562,1.1328125,1.27734375,369.140625,10.9296875
1929,0.599609375,0.529296875,2.547851562,1.5078125,0.96484375,337.890625,12.0546875
1930,0.849609375,1.279296875,2.172851562,2.5078125,1.46484375,387.890625,9.0546875
1931,0.974609375,0.904296875,2.735351562,1.0078125,1.21484375,362.890625,13.5546875
1932,0.724609375,1.654296875,2.360351562,2.0078125,0.71484375,412.890625,10.5546875
1933,0.662109375,1.091796875,2.079101562,2.2578125,0.58984375,350.390625,12.8046875
1934,0.912109375,1.841796875,2.454101562,1.2578125,1.08984375,400.390625,9.8046875
1935,0.787109375,0.716796875,2.266601562,2.7578125,1.33984375,325.390625,11.3046875
1936,0.537109375,1.466796875,2.641601562,1.7578125,0.83984375,375.390625,8.3046875
1937,0.552734375,0.763671875,2.149414062,2.1953125,1.18359375,372.265625,9.9921875
1938,0.802734375,1.513671875,2.524414062,1.1953125,0.68359375,422.265625,12.9921875
1939,0.927734375,1.138671875,2.336914062,2.6953125,0.93359375,347.265625,8.4921875
1940,0.677734375,1.888671875,2.711914062,1.6953125,1.43359375,397.265625,11.4921875
1941,0.740234375,0.951171875,2.430664062,1.9453125,1.30859375,334.765625,9.2421875
1942,0.990234375,1.701171875,2.055664062,2.9453125,0.80859375,384.765625,12.2421875
1943,0.865234375,0.576171875,2.618164062,1.4453125,0.55859375,359.765625,10.7421875
1944,0.615234375,1.326171875,2.243164062,2.4453125,1.05859375,409.765625,13.7421875
1945,0.583984375,1.232421875,2.571289062,2.8203125,0.74609375,378.515625,8.8671875
1946,0.833984375,1.982421875,2.196289062,1.8203125,1.24609375,328.515625,11.8671875
1947,0.958984375,0.857421875,2.383789062,2.3203125,1.49609375,403.515625,10.3671875
1948,0.708984375,1.607421875,2.008789062,1.3203125,0.99609375,353.515625,13.3671875
1949,0.646484375,0.669921875,2.290039062,1.0703125,0.87109375,416.015625,9.6171875
1950,0.896484375,1.419921875,2.665039062,2.0703125,1.37109375,366.015625,12.6171875
1951,0.771484375,1.044921875,2.102539062,1.5703125,1.12109375,391.015625,8.1171875
1952,0.521484375,1.794921875,2.477539062,2.5703125,0.62109375,341.015625,11.1171875
1953,0.529296875,0.599609375,2.747070312,2.4765625,1.26171875,389.453125,8.3984375
1954,0.779296875,1.349609375,2.372070312,1.4765625,0.76171875,339.453125,11.3984375
1955,0.904296875,0.974609375,2.559570312,2.9765625,0.51171875,414.453125,9.8984375
1956,0.654296875,1.724609375,2.184570312,1.9765625,1.01171875,364.453125,12.8984375
1957,0.716796875,1.162109375,2.278320312,1.7265625,1.13671875,401.953125,10.6484375
1958,0.966796875,1.912109375,2.653320312,2.7265625,0.63671875,351.953125,13.6484375
1959,0.841796875,0.787109375,2.090820312,1.2265625,0.88671875,376.953125,9.1484375
1960,0.591796875,1.537109375,2.465820312,2.2265625,1.38671875,326.953125,12.1484375
1961,0.623046875,0.880859375,2.043945312,2.6015625,0.82421875,358.203125,10.2734375
1962,0.873046875,1.630859375,2.418945312,1.6015625,1.32421875,408.203125,13.2734375
1963,0.998046875,0.505859375,2.231445312,2.1015625,1.07421875,333.203125,8.7734375
1964,0.748046875,1.255859375,2.606445312,1.1015625,0.57421875,383.203125,11.7734375
1965,0.685546875,0.693359375,2.512695312,1.3515625,0.69921875,345.703125,8.0234375
1966,0.935546875,1.443359375,2.137695312,2.3515625,1.19921875,395.703125,11.0234375
1967,0.810546875,1.068359375,2.700195312,1.8515625,1.44921875,370.703125,9.5234375
1968,0.560546875,1.818359375,2.325195312,2.8515625,0.94921875,420.703125,12.5234375
1969,0.544921875,1.115234375,2.395507812,1.1640625,1.04296875,330.078125,11.5859375
1970,0.794921875,1.865234375,2.020507812,2.1640625,0.54296875,380.078125,8.5859375
1971,0.919921875,0.740234375,2.583007812,1.6640625,0.79296875,355.078125,13.0859375
1972,0.669921875,1.490234375,2.208007812,2.6640625,1.29296875,405.078125,10.0859375
1973,0.732421875,0.552734375,2.114257812,2.9140625,1.41796875,367.578125,13.8359375
1974,0.982421875,1.302734375,2.489257812,1.9140625,0.91796875,417.578125,10.8359375
1975,0.857421875,0.927734375,2.301757812,2.4140625,0.66796875,342.578125,12.3359375
1976,0.607421875,1.677734375,2.676757812,1.4140625,1.16796875,392.578125,9.3359375
1977,0.576171875,0.833984375,2.348632812,1.7890625,0.60546875,423.828125,13.4609375
1978,0.826171875,1.583984375,2.723632812,2.7890625,1.10546875,373.828125,10.4609375
1979,0.951171875,1.208984375,2.161132812,1.2890625,1.35546875,398.828125,11.9609375
1980,0.701171875,1.958984375,2.536132812,2.2890625,0.85546875,348.828125,8.9609375
1981,0.638671875,1.021484375,2.629882812,2.0390625,0.98046875,386.328125,11.2109375
1982,0.888671875,1.771484375,2.254882812,1.0390625,1.48046875,336.328125,8.2109375
1983,0.763671875,0.646484375,2.442382812,2.5390625,1.23046875,411.328125,12.7109375
1984,0.513671875,1.396484375,2.067382812,1.5390625,0.73046875,361.328125,9.7109375
1985,0.509765625,0.798828125,2.448242188,2.8046875,0.75390625,399.609375,10.7890625
1986,0.759765625,1.548828125,2.073242188,1.8046875,1.25390625,349.609375,13.7890625
1987,0.884765625,1.173828125,2.635742188,2.3046875,1.00390625,424.609375,9.2890625
1988,0.634765625,1.923828125,2.260742188,1.3046875,0.50390625,374.609375,12.2890625
1989,0.697265625,0.986328125,2.166992188,1.0546875,0.62890625,412.109375,8.5390625
1990,0.947265625,1.736328125,2.541992188,2.0546875,1.12890625,362.109375,11.5390625
1991,0.822265625,0.611328125,2.354492188,1.5546875,1.37890625,387.109375,10.0390625
1992,0.572265625,1.361328125,2.729492188,2.5546875,0.87890625,337.109375,13.0390625
1993,0.603515625,1.080078125,2.307617188,2.1796875,1.31640625,355.859375,8.1640625
1994,0.853515625,1.830078125,2.682617188,1.1796875,0.81640625,405.859375,11.1640625
1995,0.978515625,0.705078125,2.120117188,2.6796875,0.56640625,330.859375,9.6640625
1996,0.728515625,1.455078125,2.495117188,1.6796875,1.06640625,380.859375,12.6640625
1997,0.666015625,0.517578125,2.588867188,1.9296875,1.19140625,343.359375,10.4140625
1998,0.916015625,1.267578125,2.213867188,2.9296875,0.69140625,393.359375,13.4140625
1999,0.791015625,0.892578125,2.401367188,1.4296875,0.94140625,368.359375,8.9140625
2000,0.541015625,1.642578125,2.026367188,2.4296875,1.44140625,418.359375,11.9140625
2001,0.556640625,0.939453125,2.659179688,1.6171875,0.53515625,333.984375,13.9765625
2002,0.806640625,1.689453125,2.284179688,2.6171875,1.03515625,383.984375,10.9765625
2003,0.931640625,0.564453125,2.471679688,1.1171875,1.28515625,358.984375,12.4765625
2004,0.681640625,1.314453125,2.096679688,2.1171875,0.78515625,408.984375,9.4765625
2005,0.744140625,0.751953125,2.190429688,2.3671875,0.91015625,371.484375,11.7265625
2006,0.994140625,1.501953125,2.565429688,1.3671875,1.41015625,421.484375,8.7265625
2007,0.869140625,1.126953125,2.002929688,2.8671875,1.16015625,346.484375,13.2265625
2008,0.619140625,1.876953125,2.377929688,1.8671875,0.66015625,396.484375,10.2265625
2009,0.587890625,0.658203125,2.049804688,1.4921875,1.09765625,415.234375,11.3515625
2010,0.837890625,1.408203125,2.424804688,2.4921875,0.59765625,365.234375,8.3515625
2011,0.962890625,1.033203125,2.237304688,1.9921875,0.84765625,390.234375,12.8515625
2012,0.712890625,1.783203125,2.612304688,2.9921875,1.34765625,340.234375,9.8515625
2013,0.650390625,1.220703125,2.518554688,2.7421875,1.47265625,377.734375,13.6015625
2014,0.900390625,1.970703125,2.143554688,1.7421875,0.97265625,327.734375,10.6015625
2015,0.775390625,0.845703125,2.706054688,2.2421875,0.72265625,402.734375,12.1015625
2016,0.525390625,1.595703125,2.331054688,1.2421875,1.22265625,352.734375,9.1015625
2017,0.517578125,1.197265625,2.131835938,1.8359375,0.89453125,404.296875,12.3828125
2018,0.767578125,1.947265625,2.506835938,2.8359375,1.39453125,354.296875,9.3828125
2019,0.892578125,0.822265625,2.319335938,1.3359375,1.14453125,379.296875,13.8828125
2020,0.642578125,1.572265625,2.694335938,2.3359375,0.64453125,329.296875,10.8828125
2021,0.705078125,0.634765625,2.413085938,2.0859375,0.51953125,391.796875,13.1328125
2022,0.955078125,1.384765625,2.038085938,1.0859375,1.01953125,341.796875,10.1328125
2023,0.830078125,1.009765625,2.600585938,2.5859375,1.26953125,416.796875,11.6328125
2024,0.580078125,1.759765625,2.225585938,1.5859375,0.76953125,366.796875,8.6328125
2025,0.611328125,0.728515625,2.647460938,1.2109375,1.45703125,348.046875,12.7578125
2026,0.861328125,1.478515625,2.272460938,2.2109375,0.95703125,398.046875,9.7578125
2027,0.986328125,1.103515625,2.459960938,1.7109375,0.70703125,373.046875,11.2578125
2028,0.736328125,1.853515625,2.084960938,2.7109375,1.20703125,423.046875,8.2578125
2029,0.673828125,0.916015625,2.366210938,2.9609375,1.08203125,360.546875,12.0078125
2030,0.923828125,1.666015625,2.741210938,1.9609375,0.58203125,410.546875,9.0078125
2031,0.798828125,0.541015625,2.178710938,2.4609375,0.83203125,335.546875,13.5078125
2032,0.548828125,1.291015625,2.553710938,1.4609375,1.33203125,385.546875,10.5078125
2033,0.533203125,0.587890625,2.249023438,2.5234375,0.67578125,363.671875,9.1953125
2034,0.783203125,1.337890625,2.624023438,1.5234375,1.17578125,413.671875,12.1953125
2035,0.908203125,0.962890625,2.061523438,2.0234375,1.42578125,338.671875,10.6953125
2036,0.658203125,1.712890625,2.436523438,1.0234375,0.92578125,388.671875,13.6953125
2037,0.720703125,1.150390625,2.717773438,1.2734375,0.80078125,326.171875,9.9453125
2038,0.970703125,1.900390625,2.342773438,2.2734375,1.30078125,376.171875,12.9453125
2039,0.845703125,0.775390625,2.530273438,1.7734375,1.05078125,351.171875,8.4453125
2040,0.595703125,1.525390625,2.155273438,2.7734375,0.55078125,401.171875,11.4453125
2041,0.564453125,1.056640625,2.483398438,2.3984375,1.23828125,382.421875,9.5703125
2042,0.814453125,1.806640625,2.108398438,1.3984375,0.73828125,332.421875,12.5703125
2043,0.939453125,0.681640625,2.670898438,2.8984375,0.98828125,407.421875,8.0703125
2044,0.689453125,1.431640625,2.295898438,1.8984375,1.48828125,357.421875,11.0703125
2045,0.626953125,0.869140625,2.014648438,1.6484375,1.36328125,419.921875,8.8203125
2046,0.876953125,1.619140625,2.389648438,2.6484375,0.86328125,369.921875,11.8203125
2047,0.751953125,1.244140625,2.202148438,1.1484375,0.61328125,394.921875,10.3203125
2048,0.501953125,1.994140625,2.577148438,2.1484375,1.11328125,344.921875,13.3203125
2049,0.5,0.5,2,1,0.5,325,8
2050,0.75,1.25,2.375,2,1,375,11
2051,0.875,0.875,2.1875,1.5,1.25,400,9.5
2052,0.625,1.625,2.5625,2.5,0.75,350,12.5
2053,0.6875,1.0625,2.46875,2.75,0.875,337.5,11.75
2054,0.9375,1.8125,2.09375,1.75,1.375,387.5,8.75
2055,0.8125,0.6875,2.65625,2.25,1.125,412.5,13.25
2056,0.5625,1.4375,2.28125,1.25,0.625,362.5,10.25
2057,0.59375,0.96875,2.703125,1.875,1.0625,356.25,13.625
2058,0.84375,1.71875,2.328125,2.875,0.5625,406.25,10.625
2059,0.96875,0.59375,2.515625,1.375,0.8125,381.25,12.125
2060,0.71875,1.34375,2.140625,2.375,1.3125,331.25,9.125
2061,0.65625,0.78125,2.234375,2.125,1.4375,368.75,9.875
2062,0.90625,1.53125,2.609375,1.125,0.9375,418.75,12.875
2063,0.78125,1.15625,2.046875,2.625,0.6875,393.75,8.375
2064,0.53125,1.90625,2.421875,1.625,1.1875,343.75,11.375
2065,0.546875,1.203125,2.3515625,2.3125,0.78125,421.875,11.9375
2066,0.796875,1.953125,2.7265625,1.3125,1.28125,371.875,8.9375
2067,0.921875,0.828125,2.1640625,2.8125,1.03125,346.875,13.4375
2068,0.671875,1.578125,2.5390625,1.8125,0.53125,396.875,10.4375
2069,0.734375,0.640625,2.6328125,1.5625,0.65625,409.375,8.1875
2070,0.984375,1.390625,2.2578125,2.5625,1.15625,359.375,11.1875
2071,0.859375,1.015625,2.4453125,1.0625,1.40625,334.375,9.6875
2072,0.609375,1.765625,2.0703125,2.0625,0.90625,384.375,12.6875
2073,0.578125,0.734375,2.3984375,2.6875,1.34375,390.625,10.0625
2074,0.828125,1.484375,2.0234375,1.6875,0.84375,340.625,13.0625
2075,0.953125,1.109375,2.5859375,2.1875,0.59375,365.625,8.5625
2076,0.703125,1.859375,2.2109375,1.1875,1.09375,415.625,11.5625
2077,0.640625,0.921875,2.1171875,1.4375,1.21875,378.125,13.8125
2078,0.890625,1.671875,2.4921875,2.4375,0.71875,328.125,10.8125
2079,0.765625,0.546875,2.3046875,1.9375,0.96875,353.125,12.3125
2080,0.515625,1.296875,2.6796875,2.9375,1.46875,403.125,9.3125
2081,0.5234375,0.8984375,2.52734375,2.09375,0.640625,417.1875,13.90625
2082,0.7734375,1.6484375,2.15234375,1.09375,1.140625,367.1875,10.90625
2083,0.8984375,0.5234375,2.71484375,2.59375,1.390625,342.1875,12.40625
2084,0.6484375,1.2734375,2.33984375,1.59375,0.890625,392.1875,9.40625
2085,0.7109375,0.7109375,2.05859375,1.84375,0.765625,404.6875,10.15625
2086,0.9609375,1.4609375,2.43359375,2.84375,1.265625,354.6875,13.15625
2087,0.8359375,1.0859375,2.24609375,1.34375,1.015625,329.6875,8.65625
2088,0.5859375,1.8359375,2.62109375,2.34375,0.515625,379.6875,11.65625
2089,0.6171875,0.6171875,2.19921875,2.96875,1.203125,398.4375,8.28125
2090,0.8671875,1.3671875,2.57421875,1.96875,0.703125,348.4375,11.28125
2091,0.9921875,0.9921875,2.01171875,2.46875,0.953125,373.4375,9.78125
2092,0.7421875,1.7421875,2.38671875,1.46875,1.453125,423.4375,12.78125
2093,0.6796875,1.1796875,2.66796875,1.21875,1.328125,385.9375,12.03125
2094,0.9296875,1.9296875,2.29296875,2.21875,0.828125,335.9375,9.03125
2095,0.8046875,0.8046875,2.48046875,1.71875,0.578125,360.9375,13.53125
2096,0.5546875,1.5546875,2.10546875,2.71875,1.078125,410.9375,10.53125
2097,0.5390625,0.8515625,2.59765625,1.28125,0.921875,332.8125,9.96875
2098,0.7890625,1.6015625,2.22265625,2.28125,1.421875,382.8125,12.96875
2099,0.9140625,1.2265625,2.41015625,1.78125,1.171875,407.8125,8.46875
2100,0.6640625,1.9765625,2.03515625,2.78125,0.671875,357.8125,11.46875
2101,0.7265625,1.0390625,2.31640625,2.53125,0.546875,345.3125,13.71875
2102,0.9765625,1.7890625,2.69140625,1.53125,1.046875,395.3125,10.71875
2103,0.8515625,0.6640625,2.12890625,2.03125,1.296875,420.3125,12.21875
2104,0.6015625,1.4140625,2.50390625,1.03125,0.796875,370.3125,9.21875
2105,0.5703125,1.1328125,2.17578125,1.65625,1.484375,351.5625,11.84375
2106,0.8203125,1.8828125,2.55078125,2.65625,0.984375,401.5625,8.84375
2107,0.9453125,0.7578125,2.36328125,1.15625,0.734375,376.5625,13.34375
2108,0.6953125,1.5078125,2.73828125,2.15625,1.234375,326.5625,10.34375
2109,0.6328125,0.5703125,2.45703125,2.40625,1.109375,364.0625,8.09375
2110,0.8828125,1.3203125,2.08203125,1.40625,0.609375,414.0625,11.09375
2111,0.7578125,0.9453125,2.64453125,2.90625,0.859375,389.0625,9.59375
2112,0.5078125,1.6953125,2.26953125,1.90625,1.359375,339.0625,12.59375
2113,0.51171875,1.09765625,2.615234375,2.671875,1.1484375,369.53125,11.140625
2114,0.76171875,1.84765625,2.240234375,1.671875,0.6484375,419.53125,8.140625
2115,0.88671875,0.72265625,2.427734375,2.171875,0.8984375,394.53125,12.640625
2116,0.63671875,1.47265625,2.052734375,1.171875,1.3984375,344.53125,9.640625
2117,0.69921875,0.53515625,2.333984375,1.421875,1.2734375,357.03125,8.890625
2118,0.94921875,1.28515625,2.708984375,2.421875,0.7734375,407.03125,11.890625
2119,0.82421875,0.91015625,2.146484375,1.921875,0.5234375,382.03125,10.390625
2120,0.57421875,1.66015625,2.521484375,2.921875,1.0234375,332.03125,13.390625
2121,0.60546875,0.81640625,2.099609375,2.296875,0.7109375,338.28125,10.765625
2122,0.85546875,1.56640625,2.474609375,1.296875,1.2109375,388.28125,13.765625
2123,0.98046875,1.19140625,2.287109375,2.796875,1.4609375,413.28125,9.265625
2124,0.73046875,1.94140625,2.662109375,1.796875,0.9609375,363.28125,12.265625
2125,0.66796875,1.00390625,2.380859375,1.546875,0.8359375,325.78125,13.015625
2126,0.91796875,1.75390625,2.005859375,2.546875,1.3359375,375.78125,10.015625
2127,0.79296875,0.62890625,2.568359375,1.046875,1.0859375,400.78125,11.515625
2128,0.54296875,1.37890625,2.193359375,2.046875,0.5859375,350.78125,8.515625
2129,0.55859375,0.67578125,2.498046875,1.984375,1.4296875,378.90625,9.078125
2130,0.80859375,1.42578125,2.123046875,2.984375,0.9296875,328.90625,12.078125
2131,0.93359375,1.05078125,2.685546875,1.484375,0.6796875,353.90625,10.578125
2132,0.68359375,1.80078125,2.310546875,2.484375,1.1796875,403.90625,13.578125
2133,0.74609375,1.23828125,2.029296875,2.234375,1.0546875,391.40625,11.328125
2134,0.99609375,1.98828125,2.404296875,1.234375,0.5546875,341.40625,8.328125
2135,0.87109375,0.86328125,2.216796875,2.734375,0.8046875,366.40625,12.828125
2136,0.62109375,1.61328125,2.591796875,1.734375,1.3046875,416.40625,9.828125
2137,0.58984375,0.95703125,2.263671875,1.109375,0.9921875,410.15625,13.203125
2138,0.83984375,1.70703125,2.638671875,2.109375,1.4921875,360.15625,10.203125
2139,0.96484375,0.58203125,2.076171875,1.609375,1.2421875,335.15625,11.703125
2140,0.71484375,1.33203125,2.451171875,2.609375,0.7421875,385.15625,8.703125
2141,0.65234375,0.76953125,2.732421875,2.859375,0.6171875,422.65625,10.953125
2142,0.90234375,1.51953125,2.357421875,1.859375,1.1171875,372.65625,13.953125
2143,0.77734375,1.14453125,2.544921875,2.359375,1.3671875,347.65625,9.453125
2144,0.52734375,1.89453125,2.169921875,1.359375,0.8671875,397.65625,12.453125
2145,0.51953125,0.69921875,2.298828125,1.703125,1.0078125,386.71875,10.859375
2146,0.76953125,1.44921875,2.673828125,2.703125,0.5078125,336.71875,13.859375
2147,0.89453125,1.07421875,2.111328125,1.203125,0.7578125,361.71875,9.359375
2148,0.64453125,1.82421875,2.486328125,2.203125,1.2578125,411.71875,12.359375
2149,0.70703125,0.88671875,2.580078125,2.453125,1.3828125,399.21875,13.109375
2150,0.95703125,1.63671875,2.205078125,1.453125,0.8828125,349.21875,10.109375
2151,0.83203125,0.51171875,2.392578125,2.953125,0.6328125,374.21875,11.609375
2152,0.58203125,1.26171875,2.017578125,1.953125,1.1328125,424.21875,8.609375
2153,0.61328125,1.16796875,2.439453125,1.328125,0.5703125,405.46875,11.234375
2154,0.86328125,1.91796875,2.064453125,2.328125,1.0703125,355.46875,8.234375
2155,0.98828125,0.79296875,2.626953125,1.828125,1.3203125,330.46875,12.734375
2156,0.73828125,1.54296875,2.251953125,2.828125,0.8203125,380.46875,9.734375
2157,0.67578125,0.60546875,2.158203125,2.578125,0.9453125,417.96875,8.984375
2158,0.92578125,1.35546875,2.533203125,1.578125,1.4453125,367.96875,11.984375
2159,0.80078125,0.98046875,2.345703125,2.078125,1.1953125,342.96875,10.484375
2160,0.55078125,1.73046875,2.720703125,1.078125,0.6953125,392.96875,13.484375
2161,0.53515625,1.02734375,2.087890625,2.890625,1.2890625,364.84375,12.921875
2162,0.78515625,1.77734375,2.462890625,1.890625,0.7890625,414.84375,9.921875
2163,0.91015625,0.65234375,2.275390625,2.390625,0.5390625,389.84375,11.421875
2164,0.66015625,1.40234375,2.650390625,1.390625,1.0390625,339.84375,8.421875
2165,0.72265625,0.83984375,2.556640625,1.140625,1.1640625,352.34375,10.671875
2166,0.97265625,1.58984375,2.181640625,2.140625,0.6640625,402.34375,13.671875
2167,0.84765625,1.21484375,2.744140625,1.640625,0.9140625,377.34375,9.171875
2168,0.59765625,1.96484375,2.369140625,2.640625,1.4140625,327.34375,12.171875
2169,0.56640625,0.55859375,2.697265625,2.015625,0.8515625,346.09375,8.796875
2170,0.81640625,1.30859375,2.322265625,1.015625,1.3515625,396.09375,11.796875
2171,0.94140625,0.93359375,2.509765625,2.515625,1.1015625,421.09375,10.296875
2172,0.69140625,1.68359375,2.134765625,1.515625,0.6015625,371.09375,13.296875
2173,0.62890625,1.12109375,2.228515625,1.765625,0.7265625,333.59375,11.046875
2174,0.87890625,1.87109375,2.603515625,2.765625,1.2265625,383.59375,8.046875
2175,0.75390625,0.74609375,2.041015625,1.265625,1.4765625,408.59375,12.546875
2176,0.50390625,1.49609375,2.416015625,2.265625,0.9765625,358.59375,9.546875
2177,0.505859375,0.998046875,2.219726562,1.3828125,1.40234375,392.578125,13.2734375
2178,0.755859375,1.748046875,2.594726562,2.3828125,0.90234375,342.578125,10.2734375
2179,0.880859375,0.623046875,2.032226562,1.8828125,0.65234375,367.578125,11.7734375
2180,0.630859375,1.373046875,2.407226562,2.8828125,1.15234375,417.578125,8.7734375
2181,0.693359375,0.810546875,2.688476562,2.6328125,1.02734375,380.078125,9.5234375
2182,0.943359375,1.560546875,2.313476562,1.6328125,0.52734375,330.078125,12.5234375
2183,0.818359375,1.185546875,2.500976562,2.1328125,0.77734375,355.078125,8.0234375
2184,0.568359375,1.935546875,2.125976562,1.1328125,1.27734375,405.078125,11.0234375
2185,0.599609375,0.529296875,2.547851562,1.5078125,0.96484375,423.828125,8.3984375
2186,0.849609375,1.279296875,2.172851562,2.5078125,1.46484375,373.828125,11.3984375
2187,0.974609375,0.904296875,2.735351562,1.0078125,1.21484375,348.828125,9.8984375
2188,0.724609375,1.654296875,2.360351562,2.0078125,0.71484375,398.828125,12.8984375
2189,0.662109375,1.091796875,2.079101562,2.2578125,0.58984375,411.328125,12.1484375
2190,0.912109375,1.841796875,2.454101562,1.2578125,1.08984375,361.328125,9.1484375
2191,0.787109375,0.716796875,2.266601562,2.7578125,1.33984375,336.328125,13.6484375
2192,0.537109375,1.466796875,2.641601562,1.7578125,0.83984375,386.328125,10.6484375
2193,0.552734375,0.763671875,2.149414062,2.1953125,1.18359375,358.203125,9.7109375
2194,0.802734375,1.513671875,2.524414062,1.1953125,0.68359375,408.203125,12.7109375
2195,0.927734375,1.138671875,2.336914062,2.6953125,0.93359375,383.203125,8.2109375
2196,0.677734375,1.888671875,2.711914062,1.6953125,1.43359375,333.203125,11.2109375
2197,0.740234375,0.951171875,2.430664062,1.9453125,1.30859375,370.703125,13.4609375
2198,0.990234375,1.701171875,2.055664062,2.9453125,0.80859375,420.703125,10.4609375
2199,0.865234375,0.576171875,2.618164062,1.4453125,0.55859375,395.703125,11.9609375
2200,0.615234375,1.326171875,2.243164062,2.4453125,1.05859375,345.703125,8.9609375
2201,0.583984375,1.232421875,2.571289062,2.8203125,0.74609375,326.953125,12.3359375
2202,0.833984375,1.982421875,2.196289062,1.8203125,1.24609375,376.953125,9.3359375
2203,0.958984375,0.857421875,2.383789062,2.3203125,1.49609375,401.953125,13.8359375
2204,0.708984375,1.607421875,2.008789062,1.3203125,0.99609375,351.953125,10.8359375
2205,0.646484375,0.669921875,2.290039062,1.0703125,0.87109375,339.453125,8.5859375
2206,0.896484375,1.419921875,2.665039062,2.0703125,1.37109375,389.453125,11.5859375
2207,0.771484375,1.044921875,2.102539062,1.5703125,1.12109375,414.453125,10.0859375
2208,0.521484375,1.794921875,2.477539062,2.5703125,0.62109375,364.453125,13.0859375
2209,0.529296875,0.599609375,2.747070312,2.4765625,1.26171875,350.390625,8.6796875
2210,0.779296875,1.349609375,2.372070312,1.4765625,0.76171875,400.390625,11.6796875
2211,0.904296875,0.974609375,2.559570312,2.9765625,0.51171875,375.390625,10.1796875
2212,0.654296875,1.724609375,2.184570312,1.9765625,1.01171875,325.390625,13.1796875
2213,0.716796875,1.162109375,2.278320312,1.7265625,1.13671875,362.890625,12.4296875
2214,0.966796875,1.912109375,2.653320312,2.7265625,0.63671875,412.890625,9.4296875
2215,0.841796875,0.787109375,2.090820312,1.2265625,0.88671875,387.890625,13.9296875
2216,0.591796875,1.537109375,2.465820312,2.2265625,1.38671875,337.890625,10.9296875
2217,0.623046875,0.880859375,2.043945312,2.6015625,0.82421875,331.640625,13.5546875
2218,0.873046875,1.630859375,2.418945312,1.6015625,1.32421875,381.640625,10.5546875
2219,0.998046875,0.505859375,2.231445312,2.1015625,1.07421875,406.640625,12.0546875
2220,0.748046875,1.255859375,2.606445312,1.1015625,0.57421875,356.640625,9.0546875
2221,0.685546875,0.693359375,2.512695312,1.3515625,0.69921875,344.140625,9.8046875
2222,0.935546875,1.443359375,2.137695312,2.3515625,1.19921875,394.140625,12.8046875
2223,0.810546875,1.068359375,2.700195312,1.8515625,1.44921875,419.140625,8.3046875
2224,0.560546875,1.818359375,2.325195312,2.8515625,0.94921875,369.140625,11.3046875
2225,0.544921875,1.115234375,2.395507812,1.1640625,1.04296875,397.265625,12.2421875
2226,0.794921875,1.865234375,2.020507812,2.1640625,0.54296875,347.265625,9.2421875
2227,0.919921875,0.740234375,2.583007812,1.6640625,0.79296875,372.265625,13.7421875
2228,0.669921875,1.490234375,2.208007812,2.6640625,1.29296875,422.265625,10.7421875
2229,0.732421875,0.552734375,2.114257812,2.9140625,1.41796875,384.765625,8.4921875
2230,0.982421875,1.302734375,2.489257812,1.9140625,0.91796875,334.765625,11.4921875
2231,0.857421875,0.927734375,2.301757812,2.4140625,0.66796875,359.765625,9.9921875
2232,0.607421875,1.677734375,2.676757812,1.4140625,1.16796875,409.765625,12.9921875
2233,0.576171875,0.833984375,2.348632812,1.7890625,0.60546875,416.015625,9.6171875
2234,0.826171875,1.583984375,2.723632812,2.7890625,1.10546875,366.015625,12.6171875
2235,0.951171875,1.208984375,2.161132812,1.2890625,1.35546875,341.015625,8.1171875
2236,0.701171875,1.958984375,2.536132812,2.2890625,0.85546875,391.015625,11.1171875
2237,0.638671875,1.021484375,2.629882812,2.0390625,0.98046875,403.515625,13.3671875
2238,0.888671875,1.771484375,2.254882812,1.0390625,1.48046875,353.515625,10.3671875
2239,0.763671875,0.646484375,2.442382812,2.5390625,1.23046875,328.515625,11.8671875
2240,0.513671875,1.396484375,2.067382812,1.5390625,0.73046875,378.515625,8.8671875
2241,0.509765625,0.798828125,2.448242188,2.8046875,0.75390625,412.109375,10.4140625
2242,0.759765625,1.548828125,2.073242188,1.8046875,1.25390625,362.109375,13.4140625
2243,0.884765625,1.173828125,2.635742188,2.3046875,1.00390625,337.109375,8.9140625
2244,0.634765625,1.923828125,2.260742188,1.3046875,0.50390625,387.109375,11.9140625
2245,0.697265625,0.986328125,2.166992188,1.0546875,0.62890625,424.609375,12.6640625
2246,0.947265625,1.736328125,2.541992188,2.0546875,1.12890625,374.609375,9.6640625
2247,0.822265625,0.611328125,2.354492188,1.5546875,1.37890625,349.609375,11.1640625
2248,0.572265625,1.361328125,2.729492188,2.5546875,0.87890625,399.609375,8.1640625
2249,0.603515625,1.080078125,2.307617188,2.1796875,1.31640625,380.859375,11.5390625
2250,0.853515625,1.830078125,2.682617188,1.1796875,0.81640625,330.859375,8.5390625
2251,0.978515625,0.705078125,2.120117188,2.6796875,0.56640625,355.859375,13.0390625
2252,0.728515625,1.455078125,2.495117188,1.6796875,1.06640625,405.859375,10.0390625
2253,0.666015625,0.517578125,2.588867188,1.9296875,1.19140625,393.359375,9.2890625
2254,0.916015625,1.267578125,2.213867188,2.9296875,0.69140625,343.359375,12.2890625
2255,0.791015625,0.892578125,2.401367188,1.4296875,0.94140625,368.359375,10.7890625
2256,0.541015625,1.642578125,2.026367188,2.4296875,1.44140625,418.359375,13.7890625
2257,0.556640625,0.939453125,2.659179688,1.6171875,0.53515625,340.234375,12.8515625
2258,0.806640625,1.689453125,2.284179688,2.6171875,1.03515625,390.234375,9.8515625
2259,0.931640625,0.564453125,2.471679688,1.1171875,1.28515625,415.234375,11.3515625
2260,0.681640625,1.314453125,2.096679688,2.1171875,0.78515625,365.234375,8.3515625
2261,0.744140625,0.751953125,2.190429688,2.3671875,0.91015625,327.734375,10.6015625
2262,0.994140625,1.501953125,2.565429688,1.3671875,1.41015625,377.734375,13.6015625
2263,0.869140625,1.126953125,2.002929688,2.8671875,1.16015625,402.734375,9.1015625
2264,0.619140625,1.876953125,2.377929688,1.8671875,0.66015625,352.734375,12.1015625
2265,0.587890625,0.658203125,2.049804688,1.4921875,1.09765625,371.484375,9.4765625
2266,0.837890625,1.408203125,2.424804688,2.4921875,0.59765625,421.484375,12.4765625
2267,0.962890625,1.033203125,2.237304688,1.9921875,0.84765625,396.484375,10.9765625
2268,0.712890625,1.783203125,2.612304688,2.9921875,1.34765625,346.484375,13.9765625
2269,0.650390625,1.220703125,2.518554688,2.7421875,1.47265625,358.984375,11.7265625
2270,0.900390625,1.970703125,2.143554688,1.7421875,0.97265625,408.984375,8.7265625
2271,0.775390625,0.845703125,2.706054688,2.2421875,0.72265625,383.984375,13.2265625
2272,0.525390625,1.595703125,2.331054688,1.2421875,1.22265625,333.984375,10.2265625
2273,0.517578125,1.197265625,2.131835938,1.8359375,0.89453125,344.921875,11.6328125
2274,0.767578125,1.947265625,2.506835938,2.8359375,1.39453125,394.921875,8.6328125
2275,0.892578125,0.822265625,2.319335938,1.3359375,1.14453125,419.921875,13.1328125
2276,0.642578125,1.572265625,2.694335938,2.3359375,0.64453125,369.921875,10.1328125
2277,0.705078125,0.634765625,2.413085938,2.0859375,0.51953125,332.421875,9.3828125
2278,0.955078125,1.384765625,2.038085938,1.0859375,1.01953125,382.421875,12.3828125
2279,0.830078125,1.009765625,2.600585938,2.5859375,1.26953125,407.421875,10.8828125
2280,0.580078125,1.759765625,2.225585938,1.5859375,0.76953125,357.421875,13.8828125
2281,0.611328125,0.728515625,2.647460938,1.2109375,1.45703125,363.671875,10.5078125
2282,0.861328125,1.478515625,2.272460938,2.2109375,0.95703125,413.671875,13.5078125
2283,0.986328125,1.103515625,2.459960938,1.7109375,0.70703125,388.671875,9.0078125
2284,0.736328125,1.853515625,2.084960938,2.7109375,1.20703125,338.671875,12.0078125
2285,0.673828125,0.916015625,2.366210938,2.9609375,1.08203125,351.171875,12.7578125
2286,0.923828125,1.666015625,2.741210938,1.9609375,0.58203125,401.171875,9.7578125
2287,0.798828125,0.541015625,2.178710938,2.4609375,0.83203125,376.171875,11.2578125
2288,0.548828125,1.291015625,2.553710938,1.4609375,1.33203125,326.171875,8.2578125
2289,0.533203125,0.587890625,2.249023438,2.5234375,0.67578125,404.296875,9.1953125
2290,0.783203125,1.337890625,2.624023438,1.5234375,1.17578125,354.296875,12.1953125
2291,0.908203125,0.962890625,2.061523438,2.0234375,1.42578125,329.296875,10.6953125
2292,0.658203125,1.712890625,2.436523438,1.0234375,0.92578125,379.296875,13.6953125
2293,0.720703125,1.150390625,2.717773438,1.2734375,0.80078125,416.796875,11.4453125
2294,0.970703125,1.900390625,2.342773438,2.2734375,1.30078125,366.796875,8.4453125
2295,0.845703125,0.775390625,2.530273438,1.7734375,1.05078125,341.796875,12.9453125
2296,0.595703125,1.525390625,2.155273438,2.7734375,0.55078125,391.796875,9.9453125
2297,0.564453125,1.056640625,2.483398438,2.3984375,1.23828125,385.546875,12.5703125
2298,0.814453125,1.806640625,2.108398438,1.3984375,0.73828125,335.546875,9.5703125
2299,0.939453125,0.681640625,2.670898438,2.8984375,0.98828125,360.546875,11.0703125
2300,0.689453125,1.431640625,2.295898438,1.8984375,1.48828125,410.546875,8.0703125
2301,0.626953125,0.869140625,2.014648438,1.6484375,1.36328125,398.046875,10.3203125
2302,0.876953125,1.619140625,2.389648438,2.6484375,0.86328125,348.046875,13.3203125
2303,0.751953125,1.244140625,2.202148438,1.1484375,0.61328125,373.046875,8.8203125
2304,0.501953125,1.994140625,2.577148438,2.1484375,1.11328125,423.046875,11.8203125
